time,activityType,lapNumber,distance,speed,calories,lat,long,elevation,heartRate,cycles
0,0,1,1.77,1.61,0,51.452367,5.485161,18.00,102,5
1,0,1,3.89,1.72,0,51.452367,5.485186,18.00,102,0
2,0,1,6.08,1.83,0,51.452368,5.485213,18.00,103,0
3,0,1,8.40,2.08,0,51.452368,5.485243,18.00,104,1
4,0,1,10.83,2.34,1,51.452368,5.485275,18.00,105,6
5,0,1,13.30,2.42,1,51.452367,5.485309,18.00,105,6
6,0,1,15.81,2.57,1,51.452367,5.485345,18.00,107,4
7,0,1,18.36,2.43,1,51.452367,5.485382,18.00,108,2
8,0,1,20.94,2.48,2,51.452366,5.485420,18.00,109,2
9,0,1,23.57,2.59,2,51.452366,5.485460,18.00,111,3
10,0,1,26.23,2.61,2,51.452366,5.485500,18.00,112,3
11,0,1,28.89,2.55,2,51.452367,5.485540,18.00,113,2
12,0,1,31.60,2.61,3,51.452367,5.485581,18.00,115,3
13,0,1,34.38,2.93,3,51.452368,5.485621,18.00,116,3
14,0,1,37.20,2.73,3,51.452370,5.485662,18.00,117,2
15,0,1,40.03,2.61,3,51.452372,5.485702,18.00,118,3
16,0,1,42.89,2.62,4,51.452374,5.485742,18.00,119,2
17,0,1,45.78,2.69,4,51.452376,5.485781,18.00,120,3
18,0,1,48.67,2.58,4,51.452377,5.485821,18.00,121,5
19,0,1,51.54,2.53,5,51.452378,5.485860,18.00,122,3
20,0,1,54.41,2.71,5,51.452378,5.485898,18.00,123,3
21,0,1,57.29,2.29,5,51.452378,5.485937,18.00,124,1
22,0,1,60.17,2.26,5,51.452376,5.485975,18.00,126,6
23,0,1,63.04,2.39,6,51.452374,5.486014,17.00,127,6
24,0,1,65.91,2.64,6,51.452372,5.486052,17.00,128,2
25,0,1,68.78,2.51,6,51.452369,5.486090,17.00,129,2
26,0,1,71.66,2.70,7,51.452367,5.486128,17.00,130,3
27,0,1,74.53,2.15,7,51.452366,5.486167,17.00,131,3
28,0,1,77.40,1.71,7,51.452365,5.486205,17.00,132,2
29,0,1,80.27,1.77,7,51.452364,5.486244,17.00,132,3
30,0,1,83.15,1.88,8,51.452363,5.486283,17.00,133,3
31,0,1,86.02,2.15,8,51.452362,5.486323,17.00,132,1
32,0,1,88.89,2.55,8,51.452362,5.486362,17.00,131,4
33,0,1,91.76,2.69,8,51.452361,5.486403,17.00,131,2
34,0,1,94.63,2.46,9,51.452360,5.486443,17.00,131,3
35,0,1,97.50,2.52,9,51.452360,5.486484,17.00,131,4
36,0,1,100.37,2.61,9,51.452359,5.486525,17.00,131,3
37,0,1,103.24,2.52,10,51.452358,5.486567,17.00,132,2
38,0,1,106.11,2.48,10,51.452357,5.486608,17.00,132,3
39,0,1,108.98,2.46,10,51.452356,5.486650,17.00,132,3
40,0,1,111.85,2.61,10,51.452355,5.486693,16.00,132,3
41,0,1,114.72,2.70,11,51.452355,5.486735,17.00,132,2
42,0,1,117.59,2.88,11,51.452354,5.486777,17.00,132,2
43,0,1,120.46,2.73,11,51.452354,5.486819,17.00,132,3
44,0,1,123.33,2.65,12,51.452353,5.486861,17.00,132,3
45,0,1,126.20,2.51,12,51.452353,5.486902,17.00,132,2
46,0,1,129.07,2.69,12,51.452352,5.486943,17.00,132,3
47,0,1,131.94,2.74,12,51.452352,5.486982,17.00,132,2
48,0,1,134.81,2.41,13,51.452351,5.487022,17.00,133,3
49,0,1,137.44,2.12,13,51.452351,5.487060,17.00,133,3
50,0,1,139.95,2.09,13,51.452350,5.487097,17.00,134,2
51,0,1,142.32,1.95,14,51.452349,5.487133,17.00,134,3
52,0,1,144.76,1.99,14,51.452348,5.487168,17.00,134,2
53,0,1,147.58,2.36,14,51.452347,5.487203,17.00,135,3
54,0,1,150.52,2.45,14,51.452346,5.487240,17.00,136,3
55,0,1,153.65,2.67,15,51.452346,5.487281,17.00,136,2
56,0,1,156.86,2.75,15,51.452347,5.487327,17.00,136,3
57,0,1,160.45,3.12,15,51.452348,5.487376,17.00,138,3
58,0,1,163.97,3.14,15,51.452351,5.487427,17.00,138,4
59,0,1,163.97,3.22,16,51.452354,5.487477,17.00,139,3
60,0,1,163.97,3.12,16,51.452357,5.487526,17.00,140,5
61,0,1,167.28,2.96,16,51.452360,5.487574,17.00,141,5
62,0,1,167.28,2.92,17,51.452364,5.487621,17.00,141,3
63,0,1,167.28,3.03,17,51.452368,5.487668,17.00,142,2
64,0,1,170.62,2.96,17,51.452371,5.487714,17.00,142,3
65,0,1,178.45,2.89,17,51.452375,5.487760,17.00,142,2
66,0,1,181.98,3.18,18,51.452378,5.487804,17.00,143,2
67,0,1,185.45,3.09,18,51.452382,5.487849,17.00,144,4
68,0,1,187.95,2.90,18,51.452385,5.487893,17.00,144,2
69,0,1,191.14,2.93,19,51.452388,5.487936,18.00,144,3
70,0,1,194.47,3.07,19,51.452390,5.487979,18.00,145,5
71,0,1,197.40,2.84,19,51.452393,5.488021,18.00,145,5
72,0,1,200.39,2.71,19,51.452395,5.488063,18.00,146,2
73,0,1,203.36,2.69,20,51.452397,5.488105,18.00,146,3
74,0,1,206.46,2.68,20,51.452399,5.488146,18.00,146,2
75,0,1,209.41,2.61,20,51.452400,5.488187,18.00,146,3
76,0,1,212.41,2.75,21,51.452401,5.488228,18.00,145,3
77,0,1,214.92,2.69,21,51.452402,5.488268,18.00,145,3
78,0,1,217.76,2.59,21,51.452402,5.488308,18.00,145,2
79,0,1,220.65,2.64,21,51.452402,5.488348,18.00,145,3
80,0,1,223.18,2.69,22,51.452401,5.488388,18.00,145,2
81,0,1,226.34,2.73,22,51.452401,5.488428,18.00,145,3
82,0,1,229.43,2.60,22,51.452400,5.488468,18.00,144,2
83,0,1,231.43,2.69,22,51.452399,5.488507,18.00,144,6
84,0,1,234.41,2.58,23,51.452398,5.488547,18.00,143,6
85,0,1,237.33,2.55,23,51.452397,5.488586,18.00,140,2
86,0,1,239.86,2.71,23,51.452396,5.488625,18.00,139,3
87,0,1,242.95,2.69,24,51.452395,5.488665,18.00,137,3
88,0,1,245.89,2.57,24,51.452394,5.488704,18.00,137,2
89,0,1,248.33,2.47,24,51.452393,5.488743,18.00,137,3
90,0,1,251.20,2.65,24,51.452392,5.488783,18.00,138,2
91,0,1,254.05,2.66,25,51.452391,5.488822,18.00,138,3
92,0,1,256.59,2.57,25,51.452391,5.488862,18.00,139,2
93,0,1,259.32,2.54,25,51.452391,5.488902,18.00,140,3
94,0,1,262.02,2.51,26,51.452390,5.488942,18.00,140,3
95,0,1,264.81,2.56,26,51.452390,5.488982,18.00,141,2
96,0,1,267.77,2.74,26,51.452390,5.489022,18.00,141,3
97,0,1,270.60,2.61,26,51.452390,5.489063,18.00,142,3
98,0,1,272.92,2.71,27,51.452390,5.489104,18.00,143,2
99,0,1,275.94,2.79,27,51.452390,5.489146,18.00,143,3
100,0,1,279.10,2.93,27,51.452390,5.489188,18.00,143,5
101,0,1,281.44,2.94,28,51.452390,5.489230,18.00,144,5
102,0,1,284.54,2.87,28,51.452389,5.489273,18.00,145,2
103,0,1,287.65,2.88,28,51.452389,5.489316,18.00,146,3
104,0,1,290.48,2.86,28,51.452388,5.489359,18.00,146,5
105,0,1,293.39,2.69,29,51.452388,5.489403,18.00,147,5
106,0,1,296.57,2.95,29,51.452387,5.489448,18.00,147,3
107,0,1,299.50,3.11,29,51.452386,5.489492,18.00,147,3
108,0,1,302.54,2.81,29,51.452386,5.489536,18.00,148,2
109,0,1,305.52,2.75,30,51.452385,5.489581,18.00,148,3
110,0,1,308.61,2.89,30,51.452385,5.489625,18.00,148,3
111,0,1,311.76,2.80,30,51.452384,5.489669,18.00,149,2
112,0,1,314.95,2.81,31,51.452384,5.489713,18.00,149,2
113,0,1,317.59,3.01,31,51.452383,5.489757,18.00,149,4
114,0,1,320.84,2.99,31,51.452383,5.489800,18.00,149,4
115,0,1,323.86,2.76,31,51.452383,5.489842,18.00,149,3
116,0,1,326.63,2.77,32,51.452384,5.489885,18.00,149,4
117,0,1,329.68,2.79,32,51.452384,5.489926,18.00,149,2
118,0,1,332.73,2.79,32,51.452385,5.489967,18.00,149,2
119,0,1,335.48,2.66,33,51.452385,5.490008,18.00,149,3
120,0,1,338.60,2.86,33,51.452386,5.490049,18.00,149,2
121,0,1,341.59,2.65,33,51.452387,5.490089,18.00,148,3
122,0,1,344.07,2.64,33,51.452388,5.490130,18.00,148,2
123,0,1,347.18,2.74,34,51.452389,5.490170,18.00,148,3
124,0,1,350.25,2.70,34,51.452389,5.490211,18.00,148,3
125,0,1,352.56,2.63,34,51.452390,5.490252,18.00,148,2
126,0,1,355.43,2.44,35,51.452390,5.490293,18.00,148,3
127,0,1,358.59,2.73,35,51.452391,5.490334,18.00,148,3
128,0,1,360.98,2.70,35,51.452390,5.490376,18.00,148,2
129,0,1,364.08,2.75,35,51.452390,5.490419,18.00,148,3
130,0,1,367.29,2.89,36,51.452390,5.490462,18.00,147,5
131,0,1,369.57,2.81,36,51.452389,5.490505,18.00,147,5
132,0,1,372.56,2.71,36,51.452387,5.490548,18.00,148,3
133,0,1,375.28,2.44,36,51.452386,5.490592,18.00,148,2
134,0,1,378.64,2.97,37,51.452384,5.490635,18.00,148,3
135,0,1,381.59,2.64,37,51.452382,5.490677,18.00,148,2
136,0,1,384.83,2.89,37,51.452379,5.490719,18.00,148,3
137,0,1,387.78,2.76,38,51.452377,5.490760,18.00,148,2
138,0,1,390.71,2.59,38,51.452374,5.490801,18.00,149,3
139,0,1,393.77,2.63,38,51.452372,5.490842,18.00,149,3
140,0,1,396.78,2.47,38,51.452369,5.490883,18.00,149,2
141,0,1,399.44,2.32,39,51.452368,5.490923,18.00,150,3
142,0,1,402.19,2.41,39,51.452366,5.490964,18.00,150,2
143,0,1,405.27,2.68,39,51.452365,5.491005,18.00,151,3
144,0,1,408.27,2.69,40,51.452365,5.491046,18.00,151,3
145,0,1,411.25,2.67,40,51.452364,5.491087,18.00,151,2
146,0,1,413.47,2.75,40,51.452363,5.491128,18.00,151,3
147,0,1,416.44,2.69,40,51.452363,5.491170,18.00,151,2
148,0,1,419.48,2.78,41,51.452361,5.491211,18.00,151,3
149,0,1,421.98,2.66,41,51.452359,5.491252,18.00,152,2
150,0,1,425.01,2.77,41,51.452357,5.491293,18.00,152,3
151,0,1,428.02,2.75,42,51.452355,5.491335,18.00,152,3
152,0,1,430.75,2.76,42,51.452353,5.491377,18.00,152,2
153,0,1,433.74,2.76,42,51.452351,5.491420,18.00,152,3
154,0,1,436.96,2.84,42,51.452348,5.491464,18.00,151,2
155,0,1,439.68,2.80,43,51.452346,5.491508,18.00,151,3
156,0,1,442.82,2.74,43,51.452344,5.491553,18.00,151,2
157,0,1,446.14,2.94,43,51.452342,5.491598,18.00,151,3
158,0,1,448.69,2.96,43,51.452340,5.491643,18.00,151,3
159,0,1,451.97,2.90,44,51.452339,5.491688,18.00,152,2
160,0,1,455.29,2.97,44,51.452337,5.491732,18.00,152,6
161,0,1,457.91,2.91,44,51.452336,5.491776,18.00,152,6
162,0,1,460.98,2.73,45,51.452335,5.491819,18.00,152,2
163,0,1,464.00,2.71,45,51.452333,5.491861,18.00,153,3
164,0,1,467.25,2.54,45,51.452332,5.491902,18.00,153,3
165,0,1,469.92,2.25,45,51.452329,5.491940,18.00,153,2
166,0,1,472.27,1.93,46,51.452326,5.491976,18.00,154,3
167,0,1,475.81,2.09,46,51.452323,5.492010,18.00,154,2
168,0,1,478.45,2.19,46,51.452318,5.492042,18.00,154,3
169,0,1,480.77,1.87,47,51.452313,5.492072,18.00,153,2
170,0,1,483.17,2.05,47,51.452309,5.492104,18.00,153,3
171,0,1,485.73,2.11,47,51.452304,5.492138,18.00,153,3
172,0,1,487.58,1.38,47,51.452301,5.492179,18.00,152,2
173,0,1,490.24,2.21,48,51.452298,5.492228,18.00,151,3
174,0,1,493.50,2.71,48,51.452296,5.492282,18.00,151,2
175,0,1,493.50,2.58,48,51.452292,5.492333,18.00,150,3
176,0,1,493.50,3.03,49,51.452287,5.492379,18.00,150,3
177,0,1,496.76,2.82,49,51.452280,5.492420,18.00,149,2
178,0,1,499.76,2.57,49,51.452272,5.492458,18.00,149,3
179,0,1,502.73,2.57,49,51.452266,5.492497,18.00,149,2
180,0,1,505.51,2.38,50,51.452261,5.492535,18.00,150,3
181,0,1,506.01,2.58,50,51.452256,5.492573,18.00,149,3
182,0,1,509.24,2.71,50,51.452252,5.492612,18.00,149,2
183,0,1,511.96,2.24,50,51.452248,5.492651,18.00,149,3
184,0,1,522.08,1.82,51,51.452245,5.492689,18.00,150,2
185,0,1,524.72,2.16,51,51.452241,5.492728,18.00,150,3
186,0,1,527.49,2.28,51,51.452238,5.492766,18.00,150,2
187,0,1,531.42,2.50,52,51.452234,5.492804,18.00,150,3
188,0,1,534.56,2.65,52,51.452229,5.492842,18.00,150,3
189,0,1,537.70,2.65,52,51.452224,5.492879,18.00,151,2
190,0,1,539.20,2.37,52,51.452217,5.492917,17.00,151,3
191,0,1,542.02,2.36,53,51.452210,5.492954,17.00,151,2
192,0,1,544.79,2.31,53,51.452201,5.492990,17.00,152,3
193,0,1,547.43,2.46,53,51.452192,5.493026,17.00,152,2
194,0,1,550.21,2.35,54,51.452182,5.493060,17.00,153,3
195,0,1,553.02,2.32,54,51.452171,5.493093,17.00,153,3
196,0,1,555.66,1.99,54,51.452163,5.493125,17.00,154,2
197,0,1,557.86,1.70,54,51.452158,5.493159,17.00,154,3
198,0,1,560.29,1.95,55,51.452157,5.493195,17.00,154,3
199,0,1,563.30,2.33,55,51.452158,5.493233,17.00,154,2
200,0,1,566.16,2.40,55,51.452157,5.493272,17.00,154,3
201,0,1,569.14,2.49,56,51.452154,5.493310,17.00,154,2
202,0,1,570.80,2.37,56,51.452147,5.493348,17.00,154,3
203,0,1,573.44,2.19,56,51.452137,5.493387,18.00,154,3
204,0,1,576.49,2.59,56,51.452125,5.493426,18.00,154,3
205,0,1,579.09,2.61,57,51.452112,5.493466,18.00,154,3
206,0,1,582.31,2.73,57,51.452098,5.493506,18.00,154,2
207,0,1,585.33,2.56,57,51.452083,5.493547,18.00,154,3
208,0,1,587.87,2.40,57,51.452068,5.493589,18.00,154,5
209,0,1,591.08,2.77,58,51.452054,5.493631,18.00,154,5
210,0,1,594.49,2.97,58,51.452041,5.493674,18.00,154,3
211,0,1,597.04,3.27,58,51.452029,5.493717,18.00,154,2
212,0,1,600.58,3.07,59,51.452019,5.493760,18.00,154,3
213,0,1,604.13,3.08,59,51.452009,5.493804,18.00,155,2
214,0,1,607.20,2.99,59,51.452000,5.493847,18.00,155,3
215,0,1,610.51,2.90,59,51.451991,5.493891,18.00,155,2
216,0,1,613.62,2.65,60,51.451981,5.493935,18.00,155,3
217,0,1,617.12,2.75,60,51.451971,5.493979,18.00,155,3
218,0,1,620.21,2.69,60,51.451960,5.494023,18.00,155,3
219,0,1,623.52,2.84,61,51.451949,5.494067,19.00,154,2
220,0,1,626.56,3.01,61,51.451937,5.494111,19.00,154,5
221,0,1,630.09,3.03,61,51.451925,5.494154,19.00,154,5
222,0,1,633.43,2.87,61,51.451913,5.494196,19.00,155,3
223,0,1,636.33,2.85,62,51.451900,5.494238,19.00,155,2
224,0,1,639.88,3.11,62,51.451887,5.494279,19.00,155,3
225,0,1,643.50,3.21,62,51.451874,5.494320,19.00,156,3
226,0,1,646.03,2.80,63,51.451861,5.494359,19.00,156,2
227,0,1,649.04,2.61,63,51.451848,5.494397,19.00,156,3
228,0,1,651.91,2.44,63,51.451834,5.494434,19.00,155,3
229,0,1,655.61,2.37,63,51.451821,5.494469,19.00,155,2
230,0,1,658.59,2.55,64,51.451808,5.494503,19.00,155,3
231,0,1,661.22,2.35,64,51.451796,5.494536,19.00,154,3
232,0,1,663.86,2.35,64,51.451783,5.494568,19.00,154,2
233,0,1,666.65,2.54,64,51.451771,5.494601,19.00,153,3
234,0,1,669.54,2.61,65,51.451759,5.494634,19.00,152,2
235,0,1,671.78,2.60,65,51.451747,5.494669,20.00,151,3
236,0,1,674.81,2.75,65,51.451735,5.494705,20.00,151,2
237,0,1,677.83,2.71,66,51.451724,5.494743,20.00,151,3
238,0,1,680.34,2.54,66,51.451712,5.494782,20.00,151,3
239,0,1,683.44,2.64,66,51.451701,5.494823,20.00,151,2
240,0,1,686.39,2.64,66,51.451689,5.494865,20.00,152,3
241,0,1,689.36,2.90,67,51.451677,5.494906,20.00,151,2
242,0,1,692.53,2.91,67,51.451665,5.494947,20.00,151,3
243,0,1,695.65,2.89,67,51.451653,5.494988,20.00,151,5
244,0,1,698.62,2.88,68,51.451639,5.495027,20.00,150,5
245,0,1,701.61,2.74,68,51.451626,5.495066,20.00,150,3
246,0,1,704.52,2.66,68,51.451612,5.495104,20.00,150,3
247,0,1,707.99,2.70,68,51.451598,5.495141,20.00,150,2
248,0,1,711.06,2.73,69,51.451583,5.495178,20.00,151,3
249,0,1,713.75,2.35,69,51.451568,5.495214,20.00,151,3
250,0,1,717.03,2.79,69,51.451553,5.495250,19.00,152,3
251,0,1,720.23,2.85,70,51.451538,5.495286,19.00,152,3
252,0,1,723.42,2.84,70,51.451523,5.495321,19.00,153,2
253,0,1,726.00,2.70,70,51.451508,5.495356,19.00,153,3
254,0,1,729.16,2.81,70,51.451493,5.495391,19.00,153,3
255,0,1,732.13,2.63,71,51.451478,5.495425,19.00,153,2
256,0,1,735.12,2.66,71,51.451463,5.495460,19.00,154,3
257,0,1,737.81,2.35,71,51.451448,5.495495,19.00,154,2
258,0,1,740.77,2.62,71,51.451434,5.495529,19.00,154,3
259,0,1,743.95,2.61,72,51.451419,5.495563,19.00,154,3
260,0,1,746.80,2.51,72,51.451404,5.495597,19.00,154,2
261,0,1,749.67,2.56,72,51.451389,5.495631,19.00,154,3
262,0,1,752.57,2.57,73,51.451374,5.495665,19.00,154,2
263,0,1,755.67,2.78,73,51.451359,5.495699,19.00,154,3
264,0,1,758.77,2.73,73,51.451344,5.495733,19.00,153,3
265,0,1,761.47,2.64,73,51.451328,5.495766,19.00,153,2
266,0,1,764.21,2.37,74,51.451313,5.495799,19.00,153,3
267,0,1,766.74,2.17,74,51.451297,5.495832,19.00,153,3
268,0,1,770.38,2.29,74,51.451281,5.495865,19.00,153,2
269,0,1,773.22,2.35,75,51.451264,5.495898,18.00,153,2
270,0,1,776.11,2.52,75,51.451248,5.495931,18.00,153,3
271,0,1,778.59,2.57,75,51.451231,5.495964,18.00,153,3
272,0,1,781.56,2.63,75,51.451214,5.495996,18.00,154,2
273,0,1,784.74,2.83,76,51.451197,5.496029,18.00,154,3
274,0,1,787.25,2.80,76,51.451180,5.496061,18.00,154,3
275,0,1,790.34,2.72,76,51.451162,5.496094,18.00,155,2
276,0,1,793.32,2.61,77,51.451144,5.496126,18.00,155,3
277,0,1,796.28,2.86,77,51.451127,5.496159,18.00,157,2
278,0,1,799.32,2.70,77,51.451109,5.496192,18.00,157,3
279,0,1,802.42,2.75,77,51.451091,5.496224,18.00,158,3
280,0,1,805.29,2.88,78,51.451073,5.496257,18.00,158,5
281,0,1,808.51,2.87,78,51.451054,5.496290,18.00,158,5
282,0,1,811.76,2.90,78,51.451036,5.496323,18.00,159,2
283,0,1,814.28,3.01,78,51.451018,5.496356,18.00,159,3
284,0,1,817.49,2.86,79,51.451000,5.496389,18.00,159,3
285,0,1,820.61,2.77,79,51.450981,5.496421,19.00,159,2
286,0,1,823.46,2.83,79,51.450963,5.496453,19.00,159,3
287,0,1,826.76,2.95,80,51.450944,5.496485,19.00,159,3
288,0,1,830.11,2.94,80,51.450925,5.496517,19.00,159,2
289,0,1,832.50,2.95,80,51.450907,5.496548,19.00,159,3
290,0,1,835.89,2.98,80,51.450888,5.496579,19.00,159,3
291,0,1,839.07,2.77,81,51.450869,5.496608,19.00,159,2
292,0,1,841.73,2.77,81,51.450850,5.496637,19.00,159,3
293,0,1,844.78,2.68,81,51.450831,5.496666,19.00,159,2
294,0,1,847.69,2.54,82,51.450811,5.496693,19.00,159,3
295,0,1,850.66,2.44,82,51.450792,5.496720,19.00,159,2
296,0,1,853.66,2.63,82,51.450773,5.496746,19.00,159,3
297,0,1,856.64,2.46,82,51.450753,5.496771,19.00,160,3
298,0,1,858.95,2.46,83,51.450733,5.496796,19.00,160,2
299,0,1,861.88,2.56,83,51.450713,5.496820,19.00,160,3
300,0,1,864.91,2.72,83,51.450693,5.496845,19.00,160,3
301,0,1,867.07,2.75,84,51.450673,5.496869,19.00,160,2
302,0,1,870.24,2.85,84,51.450653,5.496894,19.00,160,3
303,0,1,873.54,2.98,84,51.450632,5.496918,19.00,161,2
304,0,1,875.57,2.78,84,51.450612,5.496943,20.00,161,3
305,0,1,878.49,2.55,85,51.450591,5.496968,20.00,161,3
306,0,1,881.39,2.59,85,51.450569,5.496994,20.00,161,2
307,0,1,884.49,2.56,85,51.450548,5.497020,20.00,161,3
308,0,1,887.49,2.63,85,51.450526,5.497046,20.00,161,2
309,0,1,890.81,2.91,86,51.450504,5.497073,20.00,161,3
310,0,1,893.23,2.94,86,51.450482,5.497100,20.00,161,3
311,0,1,896.46,2.82,86,51.450460,5.497126,20.00,161,2
312,0,1,899.59,2.75,87,51.450437,5.497153,20.00,161,3
313,0,1,902.41,2.98,87,51.450415,5.497180,20.00,161,3
314,0,1,905.71,2.98,87,51.450392,5.497206,20.00,161,2
315,0,1,908.89,2.89,87,51.450368,5.497232,20.00,161,3
316,0,1,911.74,3.18,88,51.450345,5.497258,20.00,161,3
317,0,1,915.10,3.07,88,51.450321,5.497283,20.00,161,2
318,0,1,918.38,2.99,88,51.450297,5.497308,20.00,161,2
319,0,1,921.26,3.02,89,51.450273,5.497332,20.00,161,3
320,0,1,924.37,2.79,89,51.450248,5.497356,20.00,161,3
321,0,1,927.50,2.81,89,51.450223,5.497378,20.00,161,2
322,0,1,930.77,2.93,89,51.450198,5.497401,21.00,161,3
323,0,1,933.97,2.88,90,51.450173,5.497422,21.00,161,3
324,0,1,937.28,2.96,90,51.450148,5.497443,21.00,161,2
325,0,1,939.92,3.08,90,51.450123,5.497463,21.00,161,3
326,0,1,943.37,3.10,91,51.450098,5.497483,21.00,161,3
327,0,1,946.61,2.92,91,51.450073,5.497502,21.00,161,2
328,0,1,949.32,3.03,91,51.450048,5.497520,21.00,161,3
329,0,1,952.65,3.01,91,51.450023,5.497538,21.00,161,3
330,0,1,955.89,2.92,92,51.449998,5.497556,21.00,161,2
331,0,1,958.78,2.98,92,51.449973,5.497572,21.00,161,3
332,0,1,962.04,2.97,92,51.449948,5.497588,21.00,161,3
333,0,1,965.18,2.82,92,51.449924,5.497604,21.00,161,2
334,0,1,968.06,2.84,93,51.449899,5.497620,21.00,161,3
335,0,1,971.12,2.75,93,51.449875,5.497636,21.00,161,2
336,0,1,974.17,2.71,93,51.449851,5.497652,21.00,161,3
337,0,1,976.98,2.64,94,51.449827,5.497669,21.00,160,2
338,0,1,979.96,2.64,94,51.449803,5.497687,21.00,160,3
339,0,1,983.15,2.84,94,51.449779,5.497706,20.00,160,3
340,0,1,985.46,2.69,94,51.449756,5.497726,20.00,160,5
341,0,1,988.71,2.99,95,51.449732,5.497747,20.00,160,5
342,0,1,992.08,3.11,95,51.449708,5.497768,20.00,160,3
343,0,1,994.09,2.97,95,51.449685,5.497790,20.00,160,2
344,0,1,997.22,2.90,96,51.449661,5.497812,20.00,160,3
345,0,1,1000.48,3.03,96,51.449637,5.497834,20.00,160,2
346,0,1,1003.39,2.96,96,51.449614,5.497857,20.00,160,3
347,0,1,1006.54,2.92,96,51.449590,5.497879,20.00,160,3
348,0,1,1009.84,3.07,97,51.449567,5.497901,20.00,160,3
349,0,1,1012.62,2.83,97,51.449543,5.497924,20.00,160,2
350,0,1,1015.53,2.69,97,51.449520,5.497945,20.00,161,2
351,0,1,1018.56,2.75,98,51.449497,5.497967,20.00,161,3
352,0,1,1021.61,2.83,98,51.449473,5.497989,20.00,161,3
353,0,1,1024.77,2.84,98,51.449450,5.498010,20.00,160,2
354,0,1,1027.92,2.83,98,51.449427,5.498030,20.00,160,3
355,0,1,1030.33,2.75,99,51.449404,5.498050,20.00,160,3
356,0,1,1033.35,2.71,99,51.449381,5.498070,20.00,160,2
357,0,1,1036.34,2.68,99,51.449359,5.498089,20.00,160,3
358,0,1,1039.21,2.60,99,51.449336,5.498108,19.00,160,3
359,0,1,1042.14,2.65,100,51.449313,5.498126,19.00,161,2
360,0,1,1045.20,2.72,100,51.449290,5.498145,19.00,161,2
361,0,1,1047.83,2.83,100,51.449266,5.498163,19.00,162,3
362,0,1,1050.75,2.61,101,51.449242,5.498183,19.00,162,3
363,0,1,1053.86,2.79,101,51.449217,5.498202,19.00,162,2
364,0,1,1056.68,2.96,101,51.449192,5.498223,19.00,162,3
365,0,1,1060.01,3.01,101,51.449166,5.498244,19.00,163,3
366,0,1,1063.39,3.06,102,51.449140,5.498265,19.00,163,2
367,0,1,1065.94,3.12,102,51.449113,5.498287,19.00,163,3
368,0,1,1069.37,3.08,102,51.449087,5.498308,19.00,164,3
369,0,1,1072.69,2.97,103,51.449061,5.498329,19.00,164,2
370,0,1,1075.72,2.75,103,51.449035,5.498349,19.00,164,6
371,0,1,1078.94,2.87,103,51.449011,5.498369,19.00,164,6
372,0,1,1082.17,2.88,103,51.448986,5.498388,19.00,165,2
373,0,1,1085.08,2.96,104,51.448963,5.498407,19.00,165,2
374,0,1,1088.26,2.77,104,51.448939,5.498426,19.00,165,3
375,0,1,1091.47,2.80,104,51.448916,5.498445,19.00,165,3
376,0,1,1094.33,2.59,105,51.448893,5.498463,19.00,164,3
377,0,1,1097.24,2.42,105,51.448871,5.498482,18.00,164,2
378,0,1,1100.25,2.52,105,51.448849,5.498501,18.00,164,3
379,0,1,1103.00,2.42,105,51.448826,5.498520,18.00,164,2
380,0,1,1105.84,2.38,106,51.448804,5.498540,18.00,164,3
381,0,1,1108.61,2.31,106,51.448782,5.498560,18.00,164,3
382,0,1,1111.13,2.60,106,51.448760,5.498581,18.00,164,2
383,0,1,1114.32,2.73,106,51.448738,5.498603,18.00,164,3
384,0,1,1117.48,2.70,107,51.448716,5.498625,18.00,164,3
385,0,1,1119.52,2.60,107,51.448693,5.498648,18.00,164,2
386,0,1,1122.52,2.54,107,51.448670,5.498672,18.00,164,3
387,0,1,1125.79,2.80,108,51.448647,5.498696,18.00,164,3
388,0,1,1128.57,2.84,108,51.448623,5.498721,18.00,164,2
389,0,1,1131.86,2.85,108,51.448599,5.498746,18.00,164,2
390,0,1,1135.10,2.95,108,51.448574,5.498771,18.00,163,3
391,0,1,1137.79,3.03,109,51.448549,5.498796,18.00,164,3
392,0,1,1141.10,3.08,109,51.448523,5.498821,18.00,164,2
393,0,1,1144.42,3.09,109,51.448497,5.498843,18.00,163,3
394,0,1,1147.49,3.05,110,51.448471,5.498864,18.00,164,3
395,0,1,1150.58,2.86,110,51.448445,5.498883,17.00,164,2
396,0,1,1153.72,2.91,110,51.448419,5.498899,17.00,164,3
397,0,1,1157.33,3.03,110,51.448392,5.498914,17.00,164,3
398,0,1,1160.50,2.94,111,51.448365,5.498927,17.00,164,2
399,0,1,1163.87,3.14,111,51.448339,5.498939,17.00,164,3
400,0,1,1166.90,3.06,111,51.448312,5.498950,17.00,164,5
401,0,1,1170.08,2.95,112,51.448285,5.498960,17.00,164,5
402,0,1,1173.27,2.93,112,51.448258,5.498969,17.00,163,4
403,0,1,1176.46,2.70,112,51.448231,5.498979,17.00,163,1
404,0,1,1179.47,2.75,113,51.448205,5.498989,17.00,163,3
405,0,1,1182.31,2.59,113,51.448178,5.498999,17.00,163,2
406,0,1,1185.46,2.65,113,51.448152,5.499010,17.00,163,3
407,0,1,1188.48,2.76,113,51.448126,5.499022,17.00,163,3
408,0,1,1191.41,2.68,114,51.448100,5.499035,17.00,163,2
409,0,1,1194.05,2.96,114,51.448074,5.499048,17.00,163,3
410,0,1,1197.36,3.02,114,51.448048,5.499063,17.00,163,3
411,0,1,1200.80,3.06,115,51.448021,5.499078,17.00,163,2
412,0,1,1203.11,3.04,115,51.447995,5.499093,17.00,163,3
413,0,1,1206.61,3.12,115,51.447968,5.499109,17.00,163,2
414,0,1,1210.01,3.02,116,51.447941,5.499126,17.00,163,3
415,0,1,1212.74,2.72,116,51.447914,5.499142,17.00,163,3
416,0,1,1216.04,2.92,116,51.447887,5.499158,16.00,163,2
417,0,1,1219.35,2.96,116,51.447860,5.499174,16.00,163,3
418,0,1,1222.21,2.53,117,51.447835,5.499189,16.00,163,2
419,0,1,1224.88,2.30,117,51.447810,5.499202,16.00,163,3
420,0,1,1227.69,2.44,117,51.447787,5.499214,16.00,164,3
421,0,1,1231.24,2.54,118,51.447764,5.499225,16.00,164,2
422,0,1,1234.24,2.66,118,51.447741,5.499237,16.00,164,3
423,0,1,1237.55,2.96,118,51.447716,5.499251,16.00,164,3
424,0,1,1239.73,3.02,119,51.447688,5.499266,16.00,164,2
425,0,1,1243.24,3.07,119,51.447660,5.499280,16.00,164,1
426,0,1,1246.76,3.05,119,51.447631,5.499291,16.00,164,1
427,0,1,1249.05,2.79,119,51.447605,5.499295,16.00,164,1
428,0,1,1252.05,2.63,120,51.447580,5.499295,16.00,164,2
429,0,1,1255.06,2.75,120,51.447555,5.499291,16.00,164,4
430,0,1,1258.42,2.90,120,51.447529,5.499287,16.00,164,4
431,0,1,1261.40,2.75,121,51.447501,5.499283,16.00,164,4
432,0,1,1264.53,2.87,121,51.447470,5.499283,16.00,164,4
433,0,1,1267.50,2.88,121,51.447438,5.499286,16.00,164,2
434,0,1,1270.75,2.96,122,51.447414,5.499288,16.00,164,2
435,0,1,1270.99,0.01,122,51.447404,5.499287,16.00,164,3
436,0,1,1272.19,0.95,122,51.447393,5.499289,16.00,164,3
437,0,1,1274.58,2.12,122,51.447375,5.499280,16.00,164,2
438,0,1,1276.42,2.82,123,51.447352,5.499260,16.00,164,3
439,0,1,1279.81,3.10,123,51.447328,5.499232,16.00,164,3
440,0,1,1283.19,3.09,123,51.447307,5.499200,16.00,164,2
441,0,1,1286.64,3.16,124,51.447288,5.499167,16.00,164,2
442,0,1,1286.64,3.21,124,51.447269,5.499132,16.00,164,3
443,0,1,1297.05,3.11,124,51.447250,5.499097,16.00,164,3
444,0,1,1302.14,3.02,125,51.447230,5.499061,16.00,164,3
445,0,1,1305.42,3.01,125,51.447210,5.499025,16.00,164,2
446,0,1,1308.62,3.03,125,51.447190,5.498988,16.00,164,3
447,0,1,1311.89,3.12,125,51.447172,5.498951,16.00,164,2
448,0,1,1315.25,3.22,126,51.447154,5.498913,16.00,164,4
449,0,1,1318.70,3.15,126,51.447136,5.498875,16.00,164,2
450,0,1,1322.07,3.14,126,51.447119,5.498836,16.00,164,2
451,0,1,1325.44,3.29,127,51.447102,5.498797,16.00,164,3
452,0,1,1328.90,3.23,127,51.447085,5.498757,16.00,164,2
453,0,1,1332.24,2.93,127,51.447069,5.498717,16.00,164,3
454,0,1,1335.37,3.08,128,51.447053,5.498678,16.00,164,3
455,0,1,1338.56,3.14,128,51.447037,5.498638,16.00,164,3
456,0,1,1341.83,3.10,128,51.447021,5.498598,16.00,165,2
457,0,1,1345.04,3.06,128,51.447005,5.498558,16.00,165,3
458,0,1,1348.22,3.11,129,51.446989,5.498518,16.00,165,3
459,0,1,1351.45,3.14,129,51.446973,5.498479,16.00,165,2
460,0,1,1354.71,3.23,129,51.446957,5.498439,16.00,165,2
461,0,1,1358.04,3.30,130,51.446942,5.498400,16.00,165,3
462,0,1,1361.45,3.32,130,51.446926,5.498360,16.00,166,3
463,0,1,1364.85,3.14,130,51.446910,5.498321,16.00,166,2
464,0,1,1368.45,3.22,131,51.446895,5.498281,16.00,166,3
465,0,1,1372.02,3.19,131,51.446880,5.498242,16.00,167,3
466,0,1,1372.02,3.19,131,51.446865,5.498202,16.00,167,2
467,0,1,1372.02,3.12,131,51.446850,5.498163,17.00,167,3
468,0,1,1375.42,3.02,132,51.446835,5.498123,17.00,168,3
469,0,1,1377.88,2.94,132,51.446821,5.498083,17.00,168,2
470,0,1,1381.26,2.91,132,51.446807,5.498043,17.00,168,3
471,0,1,1384.70,3.00,133,51.446793,5.498003,17.00,168,3
472,0,1,1387.24,3.08,133,51.446780,5.497963,17.00,168,2
473,0,1,1390.89,3.18,133,51.446767,5.497922,17.00,168,3
474,0,1,1394.37,3.01,134,51.446755,5.497881,17.00,168,2
475,0,1,1396.58,2.83,134,51.446743,5.497840,17.00,168,3
476,0,1,1399.92,2.87,134,51.446732,5.497799,17.00,168,3
477,0,1,1403.27,2.85,134,51.446721,5.497758,17.00,169,2
478,0,1,1405.96,3.14,135,51.446710,5.497716,17.00,169,3
479,0,1,1409.61,3.15,135,51.446701,5.497674,18.00,169,2
480,0,1,1413.04,2.99,135,51.446692,5.497632,18.00,168,3
481,0,1,1415.38,2.87,136,51.446683,5.497589,18.00,168,2
482,0,1,1418.67,2.82,136,51.446676,5.497546,18.00,168,3
483,0,1,1421.86,2.75,136,51.446669,5.497502,18.00,168,3
484,0,1,1424.83,3.09,137,51.446662,5.497458,18.00,168,2
485,0,1,1428.49,3.19,137,51.446656,5.497415,18.00,168,3
486,0,1,1431.75,2.79,137,51.446649,5.497371,18.00,168,3
487,0,1,1434.14,2.51,137,51.446641,5.497328,18.00,168,3
488,0,1,1437.10,2.47,138,51.446631,5.497286,18.00,168,2
489,0,1,1440.32,2.75,138,51.446620,5.497245,19.00,168,3
490,0,1,1443.34,3.36,138,51.446610,5.497202,19.00,168,3
491,0,1,1447.04,3.25,139,51.446601,5.497157,19.00,167,2
492,0,1,1450.55,3.04,139,51.446594,5.497112,19.00,167,3
493,0,1,1452.81,2.87,139,51.446587,5.497068,19.00,167,2
494,0,1,1455.92,2.65,140,51.446582,5.497027,19.00,167,3
495,0,1,1458.65,2.25,140,51.446576,5.496988,19.00,167,2
496,0,1,1462.32,2.57,140,51.446571,5.496949,19.00,167,4
497,0,1,1465.31,2.53,140,51.446564,5.496909,19.00,167,4
498,0,1,1468.39,2.65,141,51.446558,5.496868,19.00,167,4
499,0,1,1470.85,3.14,141,51.446551,5.496826,19.00,167,3
500,0,1,1474.64,3.34,141,51.446543,5.496783,19.00,167,3
501,0,1,1478.39,3.30,142,51.446536,5.496739,20.00,167,2
502,0,1,1479.95,2.60,142,51.446528,5.496695,20.00,167,3
503,0,1,1483.15,2.76,142,51.446520,5.496650,20.00,167,3
504,0,1,1486.55,2.96,143,51.446512,5.496605,20.00,167,2
505,0,1,1489.68,2.75,143,51.446504,5.496559,20.00,167,3
506,0,1,1492.76,2.62,143,51.446497,5.496514,19.00,167,3
507,0,1,1495.98,2.75,143,51.446489,5.496469,19.00,167,2
508,0,1,1499.02,2.90,144,51.446482,5.496424,19.00,168,2
509,0,1,1502.20,2.72,144,51.446475,5.496380,19.00,168,3
510,0,1,1505.33,2.67,144,51.446468,5.496336,19.00,168,3
511,0,1,1508.16,2.96,145,51.446461,5.496292,19.00,168,2
512,0,1,1511.63,3.06,145,51.446455,5.496248,19.00,168,3
513,0,1,1514.93,2.86,145,51.446449,5.496205,19.00,167,1
514,0,1,1517.50,2.85,146,51.446443,5.496162,19.00,167,4
515,0,1,1521.06,3.09,146,51.446437,5.496119,19.00,167,3
516,0,1,1524.52,3.02,146,51.446432,5.496076,19.00,167,3
517,0,1,1527.07,2.72,146,51.446426,5.496034,19.00,167,2
518,0,1,1530.01,2.48,147,51.446420,5.495991,19.00,166,3
519,0,1,1533.24,2.76,147,51.446414,5.495948,19.00,166,3
520,0,1,1536.58,3.00,147,51.446409,5.495905,19.00,166,2
521,0,1,1540.00,2.92,148,51.446403,5.495862,19.00,166,3
522,0,1,1543.19,2.73,148,51.446397,5.495819,19.00,166,3
523,0,1,1545.56,2.50,148,51.446390,5.495776,19.00,167,2
524,0,1,1548.79,2.76,149,51.446384,5.495732,19.00,167,3
525,0,1,1551.95,2.70,149,51.446377,5.495688,19.00,167,2
526,0,1,1554.70,2.36,149,51.446370,5.495644,19.00,167,3
527,0,1,1557.75,2.59,149,51.446363,5.495599,19.00,167,2
528,0,1,1561.11,2.89,150,51.446356,5.495554,19.00,167,4
529,0,1,1563.98,3.18,150,51.446348,5.495509,19.00,167,2
530,0,1,1567.63,3.18,150,51.446339,5.495463,19.00,167,2
531,0,1,1571.24,3.11,151,51.446331,5.495416,19.00,167,3
532,0,1,1573.91,3.19,151,51.446321,5.495369,19.00,168,2
533,0,1,1577.41,3.03,151,51.446312,5.495322,19.00,168,3
534,0,1,1580.74,2.89,152,51.446302,5.495273,19.00,168,3
535,0,1,1584.33,3.17,152,51.446291,5.495225,19.00,168,2
536,0,1,1588.29,3.51,152,51.446280,5.495175,19.00,168,2
537,0,1,1591.94,3.26,153,51.446269,5.495126,19.00,168,2
538,0,1,1594.68,3.14,153,51.446259,5.495077,19.00,168,5
539,0,1,1598.63,3.56,153,51.446249,5.495028,19.00,168,1
540,0,1,1602.35,3.27,154,51.446240,5.494980,19.00,168,2
541,0,1,1605.46,2.93,154,51.446232,5.494932,19.00,168,6
542,0,1,1608.55,2.57,154,51.446226,5.494886,19.00,168,6
543,0,1,1611.49,2.42,154,51.446221,5.494840,19.00,168,3
544,0,1,1615.81,2.83,155,51.446217,5.494795,19.00,168,2
545,0,1,1619.41,3.10,155,51.446213,5.494750,19.00,168,3
546,0,1,1622.97,3.09,155,51.446209,5.494706,19.00,168,2
547,0,1,1625.05,2.97,156,51.446205,5.494661,19.00,168,3
548,0,1,1628.53,3.04,156,51.446201,5.494616,19.00,168,3
549,0,1,1632.02,3.05,156,51.446196,5.494570,19.00,168,2
550,0,1,1634.84,3.00,157,51.446190,5.494525,19.00,168,3
551,0,1,1638.46,3.15,157,51.446185,5.494479,19.00,168,2
552,0,1,1641.77,2.87,157,51.446178,5.494434,19.00,169,3
553,0,1,1644.60,2.72,158,51.446172,5.494388,19.00,168,1
554,0,1,1647.71,2.85,158,51.446165,5.494343,19.00,168,4
555,0,1,1651.00,3.03,158,51.446158,5.494299,18.00,168,1
556,0,1,1654.01,3.00,159,51.446151,5.494254,18.00,168,2
557,0,1,1657.63,3.21,159,51.446144,5.494209,18.00,168,4
558,0,1,1661.14,3.07,159,51.446137,5.494164,18.00,168,2
559,0,1,1663.75,3.15,159,51.446130,5.494119,18.00,168,2
560,0,1,1667.21,3.02,160,51.446123,5.494073,18.00,168,3
561,0,1,1670.84,3.19,160,51.446116,5.494027,18.00,168,3
562,0,1,1673.71,3.08,160,51.446109,5.493982,18.00,167,2
563,0,1,1676.98,2.80,161,51.446103,5.493938,18.00,167,3
564,0,1,1680.36,2.91,161,51.446097,5.493896,18.00,166,3
565,0,1,1683.38,2.64,161,51.446091,5.493856,18.00,166,5
566,0,1,1686.24,2.34,162,51.446086,5.493820,18.00,165,5
567,0,1,1689.16,2.43,162,51.446082,5.493786,18.00,165,3
568,0,1,1692.07,2.23,162,51.446077,5.493753,18.00,165,1
569,0,1,1694.73,2.32,163,51.446071,5.493716,18.00,165,3
570,0,1,1697.71,2.64,163,51.446063,5.493672,18.00,165,3
571,0,1,1699.86,3.23,163,51.446054,5.493624,18.00,165,3
572,0,1,1703.90,3.68,164,51.446045,5.493574,18.00,165,2
573,0,1,1707.51,3.23,164,51.446036,5.493525,18.00,165,3
574,0,1,1708.76,3.20,164,51.446028,5.493476,18.00,166,3
575,0,1,1712.20,3.15,165,51.446021,5.493428,18.00,166,2
576,0,1,1715.61,3.00,165,51.446014,5.493381,18.00,166,3
577,0,1,1719.18,3.11,165,51.446008,5.493334,18.00,166,3
578,0,1,1722.79,3.23,165,51.446003,5.493288,18.00,167,2
579,0,1,1726.31,3.14,166,51.445998,5.493241,18.00,167,2
580,0,1,1729.38,2.95,166,51.445993,5.493195,18.00,167,4
581,0,1,1732.82,3.03,166,51.445989,5.493149,18.00,167,2
582,0,1,1736.42,3.19,167,51.445986,5.493103,18.00,168,3
583,0,1,1739.49,3.01,167,51.445983,5.493057,18.00,168,2
584,0,1,1742.47,2.58,167,51.445980,5.493011,18.00,168,3
585,0,1,1745.37,2.41,168,51.445978,5.492965,18.00,168,5
586,0,1,1749.26,2.51,168,51.445976,5.492918,18.00,169,5
587,0,1,1752.80,3.10,168,51.445974,5.492872,19.00,169,3
588,0,1,1756.34,3.10,169,51.445973,5.492825,19.00,169,2
589,0,1,1758.26,3.25,169,51.445972,5.492777,19.00,169,3
590,0,1,1762.03,3.32,169,51.445970,5.492729,19.00,169,3
591,0,1,1765.57,3.10,170,51.445968,5.492680,19.00,169,2
592,0,1,1768.61,3.19,170,51.445966,5.492630,19.00,169,3
593,0,1,1772.18,3.13,170,51.445964,5.492580,19.00,169,2
594,0,1,1775.83,3.24,170,51.445962,5.492530,19.00,169,3
595,0,1,1779.10,3.28,171,51.445960,5.492480,19.00,169,3
596,0,1,1782.94,3.36,171,51.445958,5.492431,19.00,169,3
597,0,1,1786.83,3.41,171,51.445956,5.492382,19.00,169,2
598,0,1,1789.61,3.25,172,51.445955,5.492335,19.00,169,2
599,0,1,1792.73,2.69,172,51.445954,5.492291,19.00,169,3
600,0,1,1795.82,2.66,172,51.445953,5.492248,19.00,169,3
601,0,1,1799.90,2.76,173,51.445951,5.492209,19.00,169,3
602,0,1,1802.71,2.35,173,51.445949,5.492171,19.00,168,2
603,0,1,1805.32,2.19,173,51.445947,5.492134,19.00,168,3
604,0,1,1808.47,2.71,174,51.445943,5.492096,19.00,168,2
605,0,1,1811.61,2.65,174,51.445940,5.492056,19.00,168,3
606,0,1,1814.71,2.67,174,51.445935,5.492015,19.00,167,3
607,0,1,1816.27,2.98,175,51.445931,5.491974,19.00,167,2
608,0,1,1819.59,2.88,175,51.445926,5.491932,19.00,167,3
609,0,1,1822.88,2.85,175,51.445921,5.491889,20.00,167,2
610,0,1,1824.94,2.70,176,51.445916,5.491847,20.00,167,3
611,0,1,1828.04,2.67,176,51.445911,5.491804,20.00,167,2
612,0,1,1831.35,2.90,176,51.445906,5.491760,20.00,167,3
613,0,1,1833.89,3.23,176,51.445900,5.491717,20.00,166,3
614,0,1,1837.63,3.29,177,51.445895,5.491673,20.00,166,2
615,0,1,1840.97,2.84,177,51.445890,5.491628,20.00,166,3
616,0,1,1843.21,2.63,177,51.445885,5.491583,20.00,166,3
617,0,1,1846.29,2.65,178,51.445880,5.491537,20.00,166,2
618,0,1,1849.66,2.93,178,51.445876,5.491491,20.00,166,3
619,0,1,1852.47,2.92,178,51.445871,5.491445,20.00,166,3
620,0,1,1856.13,3.25,179,51.445867,5.491398,21.00,166,2
621,0,1,1859.84,3.29,179,51.445863,5.491351,21.00,166,3
622,0,1,1861.54,3.17,179,51.445859,5.491305,21.00,166,3
623,0,1,1865.24,3.25,180,51.445855,5.491259,21.00,166,2
624,0,1,1869.02,3.33,180,51.445852,5.491213,21.00,166,3
625,0,1,1871.56,3.02,180,51.445848,5.491167,21.00,166,2
626,0,1,1874.90,2.93,181,51.445845,5.491121,21.00,166,3
627,0,1,1878.40,3.09,181,51.445842,5.491076,21.00,166,2
628,0,1,1881.66,3.03,181,51.445839,5.491031,22.00,167,3
629,0,1,1885.21,3.14,181,51.445836,5.490986,22.00,167,3
630,0,1,1888.74,3.12,182,51.445833,5.490942,22.00,167,2
631,0,1,1891.07,2.96,182,51.445831,5.490897,22.00,167,3
632,0,1,1894.49,3.01,182,51.445828,5.490853,22.00,167,2
633,0,1,1897.87,2.97,183,51.445825,5.490808,22.00,168,3
634,0,1,1900.31,2.81,183,51.445821,5.490764,22.00,168,5
635,0,1,1903.61,2.89,183,51.445818,5.490720,22.00,168,5
636,0,1,1906.65,2.64,184,51.445815,5.490676,22.00,168,3
637,0,1,1909.40,2.93,184,51.445811,5.490633,22.00,169,2
638,0,1,1912.82,3.01,184,51.445807,5.490589,22.00,169,3
639,0,1,1916.26,3.03,185,51.445804,5.490545,23.00,169,3
640,0,1,1918.40,3.04,185,51.445800,5.490502,23.00,169,5
641,0,1,1921.84,3.06,185,51.445797,5.490458,23.00,169,5
642,0,1,1925.38,3.16,186,51.445794,5.490414,23.00,169,3
643,0,1,1927.72,2.86,186,51.445791,5.490371,23.00,169,2
644,0,1,1930.95,2.85,186,51.445789,5.490327,23.00,169,3
645,0,1,1934.27,2.94,187,51.445787,5.490284,23.00,169,3
646,0,1,1936.94,2.88,187,51.445785,5.490242,23.00,169,2
647,0,1,1940.14,2.76,187,51.445784,5.490199,23.00,169,3
648,0,1,1943.36,2.81,187,51.445782,5.490158,23.00,169,2
649,0,1,1945.83,2.66,188,51.445781,5.490117,23.00,169,3
650,0,1,1948.94,2.74,188,51.445781,5.490076,24.00,168,3
651,0,1,1952.19,2.87,188,51.445780,5.490034,24.00,168,2
652,0,1,1954.56,2.76,189,51.445778,5.489992,24.00,168,3
653,0,1,1957.67,2.74,189,51.445776,5.489948,24.00,168,3
654,0,1,1961.16,3.11,189,51.445774,5.489901,23.00,168,2
655,0,1,1963.63,3.17,190,51.445770,5.489852,23.00,168,3
656,0,1,1966.87,2.86,190,51.445766,5.489800,23.00,168,2
657,0,1,1970.43,3.18,190,51.445762,5.489747,23.00,168,3
658,0,1,1973.68,3.69,191,51.445757,5.489693,23.00,168,3
659,0,1,1977.34,3.27,191,51.445752,5.489639,23.00,167,3
660,0,1,1981.05,3.32,191,51.445748,5.489586,23.00,167,2
661,0,1,1984.67,3.37,192,51.445744,5.489534,22.00,168,3
662,0,1,1988.25,3.20,192,51.445740,5.489483,22.00,168,2
663,0,1,1992.00,3.33,192,51.445737,5.489434,22.00,168,3
664,0,1,1995.44,3.27,192,51.445733,5.489385,22.00,168,3
665,0,1,1998.99,3.17,193,51.445730,5.489338,22.00,169,2
666,0,1,2002.30,2.93,193,51.445727,5.489290,22.00,169,3
667,0,1,2005.91,3.12,193,51.445724,5.489244,22.00,169,3
668,0,1,2009.52,3.17,194,51.445720,5.489197,22.00,170,2
669,0,1,2013.11,3.21,194,51.445716,5.489151,21.00,170,3
670,0,1,2015.83,2.99,194,51.445712,5.489105,21.00,170,3
671,0,1,2019.23,3.02,195,51.445708,5.489058,21.00,171,2
672,0,1,2022.86,3.22,195,51.445704,5.489010,21.00,171,3
673,0,1,2025.60,3.23,195,51.445699,5.488962,21.00,172,3
674,0,1,2029.26,3.27,196,51.445694,5.488913,21.00,172,2
675,0,1,2033.12,3.47,196,51.445688,5.488862,21.00,172,3
676,0,1,2035.75,3.68,196,51.445682,5.488811,21.00,173,3
677,0,1,2039.67,3.47,197,51.445676,5.488760,20.00,173,2
678,0,1,2043.39,3.30,197,51.445669,5.488708,20.00,173,3
679,0,1,2046.79,3.25,197,51.445663,5.488657,20.00,173,3
680,0,1,2050.04,2.84,198,51.445656,5.488607,20.00,173,2
681,0,1,2053.66,3.18,198,51.445648,5.488556,20.00,174,3
682,0,1,2057.49,3.17,198,51.445642,5.488507,20.00,174,3
683,0,1,2061.40,3.49,198,51.445635,5.488458,20.00,174,2
684,0,1,2065.07,3.25,199,51.445629,5.488410,20.00,174,3
685,0,1,2067.51,3.17,199,51.445624,5.488363,20.00,174,3
686,0,1,2071.05,3.13,199,51.445619,5.488316,19.00,174,2
687,0,1,2074.59,3.16,200,51.445616,5.488271,19.00,174,3
688,0,1,2077.94,3.29,200,51.445613,5.488227,19.00,174,2
689,0,1,2081.35,3.03,200,51.445611,5.488183,19.00,174,3
690,0,1,2084.27,2.55,201,51.445609,5.488140,19.00,174,3
691,0,1,2087.83,2.23,201,51.445607,5.488097,19.00,174,2
692,0,1,2090.80,2.60,201,51.445606,5.488055,19.00,174,3
693,0,1,2093.80,2.63,202,51.445605,5.488014,19.00,174,2
694,0,1,2096.35,2.95,202,51.445604,5.487973,19.00,174,3
695,0,1,2099.64,2.91,202,51.445602,5.487932,19.00,174,3
696,0,1,2102.74,2.73,203,51.445601,5.487891,19.00,174,2
697,0,1,2104.77,2.75,203,51.445600,5.487850,19.00,174,4
698,0,1,2108.04,2.89,203,51.445599,5.487808,19.00,174,2
699,0,1,2111.30,2.88,203,51.445598,5.487766,19.00,174,2
700,0,1,2113.31,3.04,204,51.445597,5.487723,19.00,174,3
701,0,1,2116.64,2.95,204,51.445596,5.487681,19.00,173,3
702,0,1,2119.78,2.76,204,51.445595,5.487638,19.00,173,2
703,0,1,2122.13,2.73,205,51.445594,5.487595,19.00,173,3
704,0,1,2125.50,2.99,205,51.445593,5.487552,19.00,173,3
705,0,1,2128.67,2.79,205,51.445591,5.487509,19.00,173,2
706,0,1,2130.87,2.83,206,51.445589,5.487467,19.00,173,3
707,0,1,2134.14,2.92,206,51.445588,5.487424,19.00,173,3
708,0,1,2137.44,2.95,206,51.445586,5.487381,19.00,173,2
709,0,1,2139.99,2.97,207,51.445583,5.487338,19.00,173,3
710,0,1,2143.15,2.78,207,51.445581,5.487295,19.00,173,3
711,0,1,2146.16,2.67,207,51.445579,5.487251,19.00,172,2
712,0,1,2149.35,2.90,208,51.445577,5.487206,19.00,172,3
713,0,1,2152.89,3.16,208,51.445574,5.487161,19.00,172,3
714,0,1,2156.41,3.17,208,51.445571,5.487116,19.00,172,2
715,0,1,2158.37,2.99,209,51.445568,5.487070,19.00,172,3
716,0,1,2161.90,3.15,209,51.445565,5.487024,19.00,172,3
717,0,1,2165.16,2.88,209,51.445562,5.486978,19.00,172,2
718,0,1,2168.02,2.93,209,51.445558,5.486931,19.00,172,3
719,0,1,2171.53,3.16,210,51.445554,5.486885,19.00,172,2
720,0,1,2174.77,2.92,210,51.445550,5.486838,19.00,172,3
721,0,1,2177.67,3.16,210,51.445546,5.486792,19.00,171,3
722,0,1,2181.26,3.26,211,51.445541,5.486745,19.00,171,2
723,0,1,2184.74,3.16,211,51.445535,5.486699,19.00,171,3
724,0,1,2187.42,3.14,211,51.445530,5.486653,19.00,171,3
725,0,1,2191.01,3.24,212,51.445524,5.486607,19.00,171,2
726,0,1,2194.51,3.18,212,51.445518,5.486561,19.00,171,3
727,0,1,2197.36,3.06,212,51.445512,5.486516,19.00,171,2
728,0,1,2200.75,3.01,213,51.445507,5.486472,19.00,171,3
729,0,1,2204.00,2.87,213,51.445502,5.486427,19.00,170,3
730,0,1,2207.11,2.84,213,51.445498,5.486384,19.00,171,2
731,0,1,2210.36,2.87,214,51.445494,5.486341,19.00,170,3
732,0,1,2213.53,2.79,214,51.445492,5.486298,19.00,170,3
733,0,1,2216.25,2.75,214,51.445489,5.486256,19.00,170,2
734,0,1,2219.56,2.93,214,51.445487,5.486214,19.00,170,3
735,0,1,2222.92,2.98,215,51.445485,5.486171,19.00,170,3
736,0,1,2225.12,2.95,215,51.445483,5.486127,19.00,170,2
737,0,1,2228.25,2.75,215,51.445480,5.486082,19.00,170,3
738,0,1,2231.63,3.00,216,51.445477,5.486037,19.00,170,2
739,0,1,2234.45,3.03,216,51.445473,5.485990,20.00,170,3
740,0,1,2237.85,3.02,216,51.445469,5.485944,20.00,170,3
741,0,1,2241.50,3.21,217,51.445464,5.485896,20.00,170,2
742,0,1,2243.86,3.20,217,51.445459,5.485848,20.00,170,3
743,0,1,2247.49,3.24,217,51.445455,5.485800,20.00,170,3
744,0,1,2251.36,3.48,218,51.445450,5.485752,20.00,170,2
745,0,1,2253.73,3.31,218,51.445445,5.485703,20.00,170,3
746,0,1,2257.35,3.24,218,51.445440,5.485655,20.00,170,2
747,0,1,2260.94,3.21,219,51.445435,5.485606,20.00,170,3
748,0,1,2264.10,3.14,219,51.445431,5.485558,20.00,170,3
749,0,1,2267.63,3.15,219,51.445427,5.485511,20.00,171,2
750,0,1,2271.25,3.24,220,51.445423,5.485463,20.00,170,3
751,0,1,2274.19,3.04,220,51.445419,5.485417,20.00,171,3
752,0,1,2277.64,3.07,220,51.445416,5.485370,19.00,170,2
753,0,1,2281.27,3.25,220,51.445413,5.485324,19.00,170,3
754,0,1,2284.17,3.25,221,51.445410,5.485278,19.00,171,5
755,0,1,2287.50,2.95,221,51.445408,5.485232,19.00,171,5
756,0,1,2290.68,2.77,221,51.445406,5.485187,19.00,170,3
757,0,1,2293.91,3.09,222,51.445404,5.485141,19.00,170,3
758,0,1,2297.28,2.99,222,51.445402,5.485095,19.00,171,2
759,0,1,2300.47,2.81,222,51.445400,5.485050,19.00,170,3
760,0,1,2303.10,3.14,223,51.445399,5.485004,19.00,170,2
761,0,1,2306.66,3.18,223,51.445398,5.484958,19.00,171,3
762,0,1,2310.08,3.04,223,51.445396,5.484911,19.00,170,3
763,0,1,2312.49,3.26,224,51.445395,5.484865,19.00,171,2
764,0,1,2316.25,3.37,224,51.445394,5.484818,19.00,171,3
765,0,1,2319.65,3.11,224,51.445393,5.484771,19.00,170,3
766,0,1,2322.31,2.96,225,51.445393,5.484725,19.00,170,2
767,0,1,2325.78,3.12,225,51.445392,5.484679,19.00,171,3
768,0,1,2329.29,3.16,225,51.445392,5.484632,19.00,170,3
769,0,1,2332.20,3.03,225,51.445392,5.484587,19.00,171,2
770,0,1,2335.63,3.02,226,51.445392,5.484541,19.00,170,3
771,0,1,2338.90,2.92,226,51.445392,5.484496,19.00,170,2
772,0,1,2341.86,2.83,226,51.445392,5.484452,19.00,170,3
773,0,1,2345.15,2.91,227,51.445393,5.484408,19.00,170,3
774,0,1,2348.24,2.72,227,51.445394,5.484365,19.00,170,2
775,0,1,2350.92,2.46,227,51.445395,5.484323,19.00,170,3
776,0,1,2354.15,2.79,228,51.445397,5.484281,19.00,170,3
777,0,1,2357.46,2.87,228,51.445398,5.484240,19.00,170,2
778,0,1,2359.47,2.84,228,51.445400,5.484199,19.00,170,3
779,0,1,2362.79,2.85,229,51.445401,5.484157,19.00,170,2
780,0,1,2366.15,2.92,229,51.445402,5.484115,19.00,169,3
781,0,1,2368.42,2.88,229,51.445403,5.484073,19.00,169,3
782,0,1,2371.61,2.73,230,51.445404,5.484029,19.00,169,3
783,0,1,2374.47,2.46,230,51.445406,5.483985,19.00,169,2
784,0,1,2377.58,2.59,230,51.445408,5.483940,19.00,169,6
785,0,1,2380.97,2.89,230,51.445410,5.483894,19.00,169,6
786,0,1,2384.19,2.73,231,51.445414,5.483848,19.00,169,2
787,0,1,2386.36,2.76,231,51.445419,5.483802,19.00,169,3
788,0,1,2389.62,2.76,231,51.445426,5.483758,19.00,169,3
789,0,1,2392.92,2.80,232,51.445438,5.483720,19.00,169,2
790,0,1,2395.34,2.85,232,51.445454,5.483691,19.00,169,3
791,0,1,2398.61,2.75,232,51.445477,5.483673,19.00,169,3
792,0,1,2401.37,2.39,233,51.445503,5.483666,19.00,169,2
793,0,1,2403.70,2.75,233,51.445530,5.483667,19.00,169,3
794,0,1,2410.48,3.11,233,51.445556,5.483674,19.00,169,3
795,0,1,2414.44,2.81,234,51.445580,5.483685,19.00,170,2
796,0,1,2417.40,2.74,234,51.445604,5.483697,19.00,170,3
797,0,1,2420.29,2.68,234,51.445627,5.483707,19.00,170,2
798,0,1,2423.17,2.54,235,51.445650,5.483716,19.00,170,3
799,0,1,2425.85,2.70,235,51.445675,5.483724,19.00,170,3
800,0,1,2428.65,2.90,235,51.445700,5.483731,19.00,170,3
801,0,1,2431.66,2.65,236,51.445727,5.483738,19.00,170,2
802,0,1,2434.52,2.70,236,51.445754,5.483743,19.00,170,3
803,0,1,2437.57,2.81,236,51.445783,5.483749,19.00,171,3
804,0,1,2440.90,3.05,236,51.445812,5.483753,19.00,171,2
805,0,1,2444.51,3.16,237,51.445842,5.483757,18.00,171,3
806,0,1,2448.08,3.14,237,51.445872,5.483761,18.00,171,3
807,0,1,2451.58,3.25,237,51.445902,5.483764,18.00,171,2
808,0,1,2455.15,3.15,238,51.445932,5.483767,18.00,171,3
809,0,1,2458.62,3.11,238,51.445962,5.483769,18.00,171,2
810,0,1,2462.01,3.24,238,51.445991,5.483772,18.00,171,3
811,0,1,2465.49,3.19,239,51.446020,5.483774,18.00,171,3
812,0,1,2468.89,2.99,239,51.446048,5.483776,18.00,171,2
813,0,1,2472.10,2.84,239,51.446075,5.483776,18.00,171,3
814,0,1,2475.05,2.67,240,51.446100,5.483772,18.00,171,3
815,0,1,2477.69,2.54,240,51.446124,5.483764,18.00,171,2
816,0,1,2480.23,2.57,240,51.446146,5.483750,18.00,170,3
817,0,1,2483.14,2.54,241,51.446165,5.483728,18.00,170,2
818,0,1,2486.16,2.68,241,51.446182,5.483699,18.00,170,3
819,0,1,2486.16,2.91,241,51.446198,5.483661,18.00,171,3
820,0,1,2490.46,2.98,241,51.446213,5.483620,17.00,171,2
821,0,1,2494.54,3.16,242,51.446231,5.483580,17.00,171,3
822,0,1,2497.85,3.33,242,51.446252,5.483547,17.00,171,3
823,0,1,2501.32,3.27,242,51.446276,5.483519,17.00,171,2
824,0,1,2504.76,3.06,243,51.446302,5.483495,17.00,171,3
825,0,1,2507.87,2.86,243,51.446327,5.483474,17.00,171,3
826,0,1,2510.79,2.77,243,51.446351,5.483456,17.00,171,2
827,0,1,2513.62,2.64,244,51.446376,5.483441,17.00,171,3
828,0,1,2516.35,2.93,244,51.446402,5.483431,17.00,172,3
829,0,1,2519.33,3.05,244,51.446429,5.483425,17.00,172,2
830,0,1,2522.50,3.08,245,51.446457,5.483424,17.00,172,3
831,0,1,2525.71,3.10,245,51.446485,5.483427,17.00,172,3
832,0,1,2528.92,2.79,245,51.446513,5.483434,16.00,171,2
833,0,1,2531.91,2.77,246,51.446540,5.483445,16.00,171,3
834,0,1,2534.83,2.81,246,51.446566,5.483458,16.00,170,3
835,0,1,2537.83,2.99,246,51.446591,5.483474,16.00,170,2
836,0,1,2541.24,3.00,247,51.446616,5.483492,16.00,169,3
837,0,1,2544.60,2.98,247,51.446640,5.483511,16.00,169,2
838,0,1,2544.60,2.95,247,51.446664,5.483530,16.00,169,3
839,0,1,2549.68,2.79,247,51.446687,5.483550,16.00,168,1
840,0,1,2553.78,2.89,248,51.446709,5.483569,16.00,168,2
841,0,1,2556.85,2.68,248,51.446731,5.483587,16.00,168,3
842,0,1,2559.68,2.31,248,51.446754,5.483604,16.00,168,3
843,0,1,2562.23,2.33,249,51.446777,5.483618,16.00,168,2
844,0,1,2564.78,2.46,249,51.446800,5.483629,16.00,168,3
845,0,1,2567.45,2.44,249,51.446824,5.483636,16.00,168,2
846,0,1,2570.10,2.54,250,51.446849,5.483641,16.00,167,3
847,0,1,2572.91,2.69,250,51.446874,5.483643,16.00,168,1
848,0,1,2575.92,2.61,250,51.446899,5.483642,16.00,167,2
849,0,1,2579.00,2.71,251,51.446924,5.483640,16.00,167,3
850,0,1,2582.06,2.65,251,51.446949,5.483635,16.00,167,3
851,0,1,2585.06,2.64,251,51.446973,5.483629,16.00,168,2
852,0,1,2587.96,2.45,252,51.446997,5.483623,16.00,168,3
853,0,1,2590.64,2.28,252,51.447021,5.483616,16.00,168,3
854,0,1,2590.99,1.87,252,51.447045,5.483610,16.00,168,2
855,0,1,2594.84,2.36,252,51.447068,5.483604,16.00,168,3
856,0,1,2597.88,2.60,253,51.447092,5.483600,16.00,169,3
857,0,1,2600.78,2.42,253,51.447116,5.483598,16.00,169,2
858,0,1,2603.43,2.52,253,51.447140,5.483597,16.00,169,3
859,0,1,2606.26,2.89,254,51.447165,5.483596,16.00,170,3
860,0,1,2609.46,2.79,254,51.447190,5.483595,16.00,170,2
861,0,1,2612.48,2.49,254,51.447215,5.483592,16.00,170,3
862,0,1,2615.13,2.18,255,51.447240,5.483587,16.00,170,2
863,0,1,2617.50,2.13,255,51.447266,5.483580,16.00,170,3
864,0,1,2619.88,2.28,255,51.447292,5.483570,16.00,170,3
865,0,1,2622.50,2.71,256,51.447318,5.483559,16.00,171,2
866,0,1,2625.51,2.87,256,51.447343,5.483548,16.00,171,3
867,0,1,2628.62,2.75,256,51.447369,5.483537,16.00,171,2
868,0,1,2631.71,3.03,257,51.447395,5.483528,16.00,171,3
869,0,1,2634.97,2.77,257,51.447421,5.483520,16.00,172,3
870,0,1,2637.89,2.34,257,51.447446,5.483516,16.00,172,2
871,0,1,2640.93,2.40,258,51.447472,5.483513,16.00,172,3
872,0,1,2644.14,2.69,258,51.447497,5.483512,16.00,172,3
873,0,1,2644.14,2.61,258,51.447522,5.483512,16.00,172,2
874,0,1,2647.94,2.36,258,51.447548,5.483512,16.00,173,3
875,0,1,2651.63,2.59,259,51.447574,5.483511,16.00,173,3
876,0,1,2654.56,2.74,259,51.447601,5.483509,17.00,173,2
877,0,1,2657.61,2.52,259,51.447628,5.483505,17.00,173,3
878,0,1,2661.19,2.99,260,51.447656,5.483502,17.00,173,3
879,0,1,2664.97,3.19,260,51.447685,5.483499,17.00,173,2
880,0,1,2664.97,3.19,260,51.447714,5.483497,17.00,172,3
881,0,1,2664.97,3.02,261,51.447744,5.483496,17.00,172,3
882,0,1,2670.24,2.79,261,51.447775,5.483498,17.00,173,2
883,0,1,2676.58,2.69,261,51.447806,5.483502,17.00,173,3
884,0,1,2680.17,3.04,262,51.447839,5.483508,17.00,172,2
885,0,1,2683.46,2.87,262,51.447871,5.483515,17.00,172,3
886,0,1,2686.72,3.64,262,51.447904,5.483522,18.00,172,3
887,0,1,2690.94,3.66,263,51.447937,5.483528,18.00,172,2
888,0,1,2695.17,2.93,263,51.447969,5.483532,18.00,172,3
889,0,1,2698.62,2.70,263,51.448000,5.483534,18.00,172,3
890,0,1,2701.83,3.08,263,51.448031,5.483533,18.00,171,3
891,0,1,2705.34,2.96,264,51.448061,5.483532,18.00,171,2
892,0,1,2708.68,2.78,264,51.448091,5.483530,18.00,171,3
893,0,1,2711.84,2.91,264,51.448120,5.483531,18.00,171,2
894,0,1,2715.08,3.29,265,51.448150,5.483533,18.00,171,3
895,0,1,2718.55,3.29,265,51.448179,5.483539,18.00,170,2
896,0,1,2722.11,3.04,265,51.448209,5.483549,19.00,170,3
897,0,1,2725.51,3.14,266,51.448238,5.483564,19.00,170,3
898,0,1,2728.97,3.08,266,51.448267,5.483582,19.00,171,2
899,0,1,2732.33,2.77,266,51.448295,5.483603,19.00,171,3
900,0,1,2735.35,2.81,267,51.448322,5.483628,19.00,171,3
901,0,1,2738.49,3.07,267,51.448346,5.483655,19.00,171,2
902,0,1,2741.87,3.13,267,51.448368,5.483685,19.00,171,3
903,0,1,2745.30,3.24,268,51.448390,5.483716,19.00,171,2
904,0,1,2748.79,3.23,268,51.448414,5.483746,19.00,171,3
905,0,1,2752.31,3.23,268,51.448440,5.483776,19.00,171,3
906,0,1,2755.96,3.41,269,51.448467,5.483806,19.00,171,2
907,0,1,2759.71,3.24,269,51.448494,5.483835,19.00,171,3
908,0,1,2763.06,2.97,269,51.448520,5.483864,19.00,171,1
909,0,1,2766.37,2.93,269,51.448544,5.483893,19.00,171,2
910,0,1,2766.37,3.14,270,51.448566,5.483922,19.00,171,3
911,0,1,2766.37,3.15,270,51.448589,5.483951,19.00,171,2
912,0,1,2769.87,3.18,270,51.448611,5.483981,19.00,171,3
913,0,1,2773.08,3.06,271,51.448633,5.484010,19.00,171,3
914,0,1,2776.58,3.18,271,51.448657,5.484040,19.00,171,2
915,0,1,2780.24,3.33,271,51.448681,5.484070,19.00,171,3
916,0,1,2783.09,3.28,272,51.448705,5.484099,19.00,171,3
917,0,1,2786.70,3.23,272,51.448730,5.484129,19.00,171,2
918,0,1,2790.16,3.11,272,51.448755,5.484159,18.00,171,3
919,0,1,2793.42,3.35,273,51.448779,5.484188,18.00,171,2
920,0,1,2797.19,3.35,273,51.448803,5.484218,18.00,171,3
921,0,1,2800.51,2.94,273,51.448825,5.484247,18.00,171,2
922,0,1,2803.54,2.77,274,51.448847,5.484277,18.00,171,3
923,0,1,2806.71,2.79,274,51.448869,5.484306,18.00,171,3
924,0,1,2809.97,2.94,274,51.448890,5.484336,18.00,171,3
925,0,1,2813.05,3.01,274,51.448912,5.484365,18.00,171,2
926,0,1,2816.45,3.08,275,51.448933,5.484394,18.00,171,3
927,0,1,2820.04,3.24,275,51.448955,5.484423,18.00,171,2
928,0,1,2822.53,3.13,275,51.448977,5.484452,18.00,171,3
929,0,1,2826.04,3.07,276,51.448999,5.484481,18.00,171,3
930,0,1,2829.66,3.21,276,51.449021,5.484509,18.00,171,2
931,0,1,2832.30,2.75,276,51.449042,5.484537,18.00,172,3
932,0,1,2835.42,2.69,277,51.449062,5.484565,18.00,172,3
933,0,1,2837.94,2.13,277,51.449081,5.484593,18.00,172,2
934,0,1,2841.37,2.19,277,51.449098,5.484620,18.00,172,3
935,0,1,2844.17,2.25,278,51.449114,5.484648,17.00,172,3
936,0,1,2847.19,2.50,278,51.449130,5.484675,17.00,172,2
937,0,1,2849.04,2.63,278,51.449145,5.484703,17.00,172,3
938,0,1,2851.96,2.37,279,51.449159,5.484732,17.00,172,2
939,0,1,2855.15,2.70,279,51.449174,5.484761,17.00,172,3
940,0,1,2856.97,2.82,279,51.449190,5.484792,17.00,172,2
941,0,1,2859.89,2.46,280,51.449206,5.484823,17.00,172,3
942,0,1,2862.65,2.30,280,51.449222,5.484855,17.00,172,3
943,0,1,2865.32,2.52,280,51.449239,5.484888,17.00,172,2
944,0,1,2868.77,2.95,280,51.449257,5.484922,17.00,172,3
945,0,1,2872.15,2.94,281,51.449275,5.484956,17.00,172,3
946,0,1,2873.75,2.86,281,51.449293,5.484990,17.00,172,2
947,0,1,2877.15,2.84,281,51.449313,5.485025,17.00,172,3
948,0,1,2880.39,2.75,282,51.449332,5.485060,17.00,172,3
949,0,1,2883.29,2.59,282,51.449353,5.485094,17.00,172,2
950,0,1,2886.64,2.91,282,51.449374,5.485129,17.00,172,3
951,0,1,2890.23,3.15,283,51.449395,5.485163,17.00,172,2
952,0,1,2892.83,3.16,283,51.449417,5.485197,17.00,172,2
953,0,1,2896.43,3.16,283,51.449439,5.485231,17.00,172,1
954,0,1,2899.88,2.89,284,51.449461,5.485263,17.00,172,4
955,0,1,2902.98,2.83,284,51.449479,5.485294,17.00,172,2
956,0,1,2905.93,2.43,284,51.449494,5.485324,17.00,172,2
957,0,1,2908.75,2.30,285,51.449507,5.485352,17.00,172,4
958,0,1,2912.44,1.94,285,51.449520,5.485381,17.00,173,2
959,0,1,2914.86,1.91,285,51.449534,5.485413,17.00,173,3
960,0,1,2918.12,2.74,285,51.449551,5.485445,17.00,173,3
961,0,1,2920.43,2.95,286,51.449571,5.485478,17.00,173,2
962,0,1,2923.63,2.68,286,51.449592,5.485512,17.00,173,2
963,0,1,2926.78,2.63,286,51.449615,5.485545,17.00,173,3
964,0,1,2929.39,2.93,287,51.449640,5.485577,17.00,173,3
965,0,1,2933.03,3.11,287,51.449666,5.485608,17.00,173,2
966,0,1,2936.67,3.11,287,51.449694,5.485637,17.00,173,3
967,0,1,2939.31,3.03,288,51.449722,5.485665,17.00,173,3
968,0,1,2942.63,2.82,288,51.449750,5.485694,17.00,173,2
969,0,1,2946.36,3.23,288,51.449777,5.485723,17.00,173,3
970,0,1,2950.02,3.10,289,51.449803,5.485754,17.00,174,3
971,0,1,2953.37,2.85,289,51.449826,5.485786,17.00,173,2
972,0,1,2957.02,3.21,289,51.449847,5.485821,17.00,173,3
973,0,1,2960.81,3.22,290,51.449866,5.485857,17.00,173,3
974,0,1,2964.25,2.97,290,51.449882,5.485895,17.00,173,2
975,0,1,2967.66,2.97,290,51.449897,5.485935,17.00,173,3
976,0,1,2971.48,2.98,291,51.449911,5.485975,17.00,173,2
977,0,1,2974.62,2.76,291,51.449924,5.486016,17.00,173,3
978,0,1,2977.54,2.55,291,51.449936,5.486058,17.00,173,3
979,0,1,2981.40,2.55,291,51.449948,5.486100,17.00,173,2
980,0,1,2984.77,2.87,292,51.449959,5.486142,17.00,173,3
981,0,1,2987.96,2.70,292,51.449970,5.486184,17.00,173,3
982,0,1,2990.43,2.89,292,51.449981,5.486227,17.00,173,3
983,0,1,2993.72,2.94,293,51.449992,5.486269,16.00,173,2
984,0,1,2997.02,2.83,293,51.450003,5.486312,16.00,173,2
985,0,1,2999.89,3.11,293,51.450013,5.486355,16.00,173,3
986,0,1,3003.35,2.93,294,51.450024,5.486398,16.00,173,3
987,0,1,3006.92,3.07,294,51.450035,5.486441,16.00,173,2
988,0,1,3009.40,3.11,294,51.450046,5.486484,16.00,173,3
989,0,1,3012.96,3.18,295,51.450058,5.486527,16.00,173,3
990,0,1,3016.31,2.97,295,51.450069,5.486570,16.00,173,2
991,0,1,3019.14,3.12,295,51.450081,5.486613,16.00,172,3
992,0,1,3022.78,3.28,296,51.450094,5.486655,16.00,172,3
993,0,1,3026.33,3.20,296,51.450107,5.486697,16.00,172,2
994,0,1,3029.10,3.13,296,51.450120,5.486740,16.00,172,3
995,0,1,3032.37,3.01,296,51.450134,5.486781,16.00,172,3
996,0,1,3035.59,2.96,297,51.450147,5.486823,16.00,172,2
997,0,1,3039.18,2.97,297,51.450162,5.486863,16.00,172,3
998,0,1,3042.44,3.00,297,51.450176,5.486904,16.00,172,3
999,0,1,3045.80,3.10,298,51.450191,5.486944,16.00,172,2
1000,0,1,3048.78,3.08,298,51.450206,5.486983,16.00,171,3
1001,0,1,3052.06,2.99,298,51.450222,5.487021,16.00,171,3
1002,0,1,3055.12,2.77,299,51.450238,5.487059,16.00,171,2
1003,0,1,3058.29,2.81,299,51.450254,5.487096,15.00,171,2
1004,0,1,3061.71,3.04,299,51.450269,5.487133,15.00,171,3
1005,0,1,3065.25,3.13,300,51.450284,5.487170,15.00,171,3
1006,0,1,3067.45,2.89,300,51.450296,5.487209,15.00,171,3
1007,0,1,3070.68,2.91,300,51.450307,5.487250,15.00,171,3
1008,0,1,3073.91,2.91,301,51.450315,5.487292,15.00,171,2
1009,0,1,3076.83,2.74,301,51.450323,5.487335,15.00,171,3
1010,0,1,3080.25,2.98,301,51.450330,5.487377,15.00,170,2
1011,0,1,3083.69,3.03,302,51.450338,5.487419,15.00,171,3
1012,0,1,3086.02,2.76,302,51.450349,5.487459,15.00,170,3
1013,0,1,3089.18,2.78,302,51.450361,5.487498,15.00,170,2
1014,0,1,3092.52,2.96,302,51.450374,5.487536,15.00,170,3
1015,0,1,3095.22,2.99,303,51.450387,5.487575,15.00,170,2
1016,0,1,3098.52,3.01,303,51.450399,5.487614,16.00,171,3
1017,0,1,3101.81,3.00,303,51.450411,5.487654,16.00,171,3
1018,0,1,3104.46,2.87,304,51.450422,5.487694,16.00,171,2
1019,0,1,3107.72,3.00,304,51.450433,5.487735,16.00,171,6
1020,0,1,3110.91,2.90,304,51.450444,5.487776,16.00,171,6
1021,0,1,3113.65,2.74,305,51.450455,5.487818,16.00,171,2
1022,0,1,3116.89,2.80,305,51.450465,5.487860,16.00,171,3
1023,0,1,3120.46,3.13,305,51.450476,5.487903,16.00,171,3
1024,0,1,3122.88,3.23,306,51.450486,5.487946,16.00,171,2
1025,0,1,3126.51,3.25,306,51.450496,5.487989,16.00,171,3
1026,0,1,3130.08,3.19,306,51.450506,5.488032,16.00,171,3
1027,0,1,3132.41,2.90,307,51.450515,5.488075,16.00,171,2
1028,0,1,3135.62,2.83,307,51.450525,5.488119,16.00,171,3
1029,0,1,3139.03,3.00,307,51.450535,5.488163,16.00,171,2
1030,0,1,3141.97,3.02,307,51.450545,5.488206,16.00,171,3
1031,0,1,3145.55,3.14,308,51.450554,5.488250,17.00,171,3
1032,0,1,3149.09,3.10,308,51.450564,5.488294,17.00,171,3
1033,0,1,3151.40,2.98,308,51.450574,5.488338,17.00,171,2
1034,0,1,3154.84,3.03,309,51.450584,5.488381,17.00,171,2
1035,0,1,3158.36,3.11,309,51.450595,5.488425,17.00,172,3
1036,0,1,3161.13,3.02,309,51.450605,5.488469,17.00,172,3
1037,0,1,3164.63,3.09,310,51.450616,5.488512,17.00,172,2
1038,0,1,3168.41,3.39,310,51.450627,5.488556,17.00,172,4
1039,0,1,3170.92,3.30,310,51.450638,5.488599,17.00,172,2
1040,0,1,3174.20,2.99,311,51.450649,5.488642,17.00,172,2
1041,0,1,3177.57,3.08,311,51.450661,5.488684,18.00,172,3
1042,0,1,3180.89,3.11,311,51.450673,5.488727,18.00,172,3
1043,0,1,3184.27,3.09,312,51.450686,5.488769,18.00,172,2
1044,0,1,3187.72,3.16,312,51.450699,5.488811,18.00,172,3
1045,0,1,3190.36,3.22,312,51.450712,5.488852,18.00,172,3
1046,0,1,3193.99,3.22,313,51.450725,5.488893,18.00,172,2
1047,0,1,3197.81,3.40,313,51.450738,5.488934,18.00,172,3
1048,0,1,3199.97,3.10,313,51.450751,5.488974,18.00,172,3
1049,0,1,3203.12,2.77,313,51.450764,5.489014,18.00,172,2
1050,0,1,3206.27,2.75,314,51.450777,5.489054,19.00,172,3
1051,0,1,3209.79,2.92,314,51.450790,5.489093,19.00,172,3
1052,0,1,3213.12,2.92,314,51.450803,5.489133,19.00,171,2
1053,0,1,3216.54,3.01,315,51.450815,5.489173,19.00,171,3
1054,0,1,3218.78,3.12,315,51.450827,5.489213,19.00,171,3
1055,0,1,3222.26,3.04,315,51.450838,5.489253,19.00,171,2
1056,0,1,3225.70,3.00,316,51.450851,5.489293,19.00,171,3
1057,0,1,3228.10,2.97,316,51.450864,5.489332,19.00,171,2
1058,0,1,3231.42,2.91,316,51.450878,5.489371,19.00,171,3
1059,0,1,3234.76,3.02,317,51.450894,5.489408,20.00,171,3
1060,0,1,3237.50,3.10,317,51.450911,5.489445,20.00,171,4
1061,0,1,3241.01,3.22,317,51.450930,5.489482,20.00,171,4
1062,0,1,3244.52,3.16,318,51.450947,5.489519,20.00,171,2
1063,0,1,3246.87,3.13,318,51.450962,5.489558,20.00,171,3
1064,0,1,3250.23,3.04,318,51.450976,5.489598,20.00,171,2
1065,0,1,3253.68,3.13,318,51.450991,5.489639,20.00,171,3
1066,0,1,3256.52,3.19,319,51.451006,5.489680,20.00,171,3
1067,0,1,3260.15,3.33,319,51.451022,5.489721,20.00,171,2
1068,0,1,3263.56,3.10,319,51.451038,5.489761,20.00,171,3
1069,0,1,3266.30,3.22,320,51.451054,5.489802,20.00,171,2
1070,0,1,3269.80,3.12,320,51.451068,5.489843,20.00,172,3
1071,0,1,3273.18,3.06,320,51.451081,5.489883,20.00,172,3
1072,0,1,3276.07,2.93,321,51.451091,5.489923,20.00,172,2
1073,0,1,3279.25,2.83,321,51.451098,5.489962,20.00,172,3
1074,0,1,3282.46,2.75,321,51.451105,5.490000,20.00,172,2
1075,0,1,3285.30,2.71,321,51.451113,5.490039,20.00,172,3
1076,0,1,3288.62,2.97,322,51.451126,5.490077,20.00,173,3
1077,0,1,3291.94,2.97,322,51.451142,5.490114,20.00,173,2
1078,0,1,3294.10,2.95,322,51.451159,5.490150,20.00,173,3
1079,0,1,3297.30,2.85,323,51.451177,5.490185,20.00,173,3
1080,0,1,3300.53,2.82,323,51.451194,5.490220,20.00,173,2
1081,0,1,3303.40,2.75,323,51.451209,5.490254,19.00,173,3
1082,0,1,3306.58,2.77,324,51.451223,5.490289,19.00,173,2
1083,0,1,3309.79,2.80,324,51.451235,5.490324,19.00,173,3
1084,0,1,3312.45,2.67,324,51.451244,5.490362,19.00,173,3
1085,0,1,3315.65,2.82,324,51.451250,5.490401,19.00,174,3
1086,0,1,3318.85,2.82,325,51.451256,5.490441,19.00,174,2
1087,0,1,3321.20,2.96,325,51.451264,5.490481,19.00,174,3
1088,0,1,3324.76,3.18,325,51.451278,5.490517,19.00,174,2
1089,0,1,3328.43,3.28,326,51.451296,5.490550,19.00,174,3
1090,0,1,3330.18,3.00,326,51.451317,5.490578,19.00,174,3
1091,0,1,3333.42,2.80,326,51.451340,5.490600,19.00,174,3
1092,0,1,3336.67,2.81,327,51.451363,5.490616,19.00,174,2
1093,0,1,3339.54,2.76,327,51.451388,5.490628,19.00,174,3
1094,0,1,3342.77,2.88,327,51.451413,5.490636,19.00,173,2
1095,0,1,3345.93,2.73,327,51.451439,5.490641,19.00,174,3
1096,0,1,3348.22,2.92,328,51.451467,5.490644,19.00,173,2
1097,0,1,3351.68,3.14,328,51.451495,5.490646,18.00,174,3
1098,0,1,3356.51,3.15,328,51.451523,5.490647,18.00,174,3
1099,0,1,3359.96,3.10,329,51.451552,5.490648,18.00,173,2
1100,0,1,3363.57,3.25,329,51.451581,5.490649,18.00,173,3
1101,0,1,3364.05,3.17,329,51.451610,5.490649,18.00,174,3
1102,0,1,3367.40,3.00,330,51.451639,5.490650,18.00,174,2
1103,0,1,3370.78,2.91,330,51.451666,5.490652,18.00,173,3
1104,0,1,3373.22,2.90,330,51.451693,5.490654,18.00,173,2
1105,0,1,3376.32,2.58,330,51.451718,5.490657,18.00,173,1
1106,0,1,3381.65,2.75,331,51.451743,5.490660,18.00,173,4
1107,0,1,3387.12,2.69,331,51.451768,5.490663,18.00,174,3
1108,0,1,3390.16,2.59,331,51.451792,5.490667,18.00,173,2
1109,0,1,3392.62,2.50,332,51.451816,5.490670,18.00,173,3
1110,0,1,3395.03,2.69,332,51.451840,5.490673,18.00,173,3
1111,0,1,3397.65,2.77,332,51.451865,5.490676,18.00,173,2
1112,0,1,3400.36,2.77,333,51.451890,5.490679,18.00,173,3
1113,0,1,3403.76,2.99,333,51.451916,5.490680,18.00,173,3
1114,0,1,3407.26,3.09,333,51.451943,5.490681,18.00,173,2
1115,0,1,3407.26,3.05,333,51.451971,5.490681,18.00,173,3
1116,0,1,3407.26,3.10,334,51.452001,5.490681,18.00,173,2
1117,0,1,3411.01,3.16,334,51.452032,5.490679,18.00,173,3
1118,0,1,3412.60,3.27,334,51.452063,5.490678,18.00,172,3
1119,0,1,3421.51,3.45,335,51.452095,5.490677,18.00,173,3
1120,0,1,3426.40,3.49,335,51.452126,5.490678,18.00,173,5
1121,0,1,3430.20,3.55,335,51.452157,5.490680,18.00,173,5
1122,0,1,3433.98,3.53,336,51.452186,5.490684,18.00,173,3
1123,0,1,3437.59,3.20,336,51.452215,5.490692,18.00,173,2
1124,0,1,3441.07,3.01,336,51.452242,5.490700,18.00,173,3
1125,0,1,3444.62,2.96,336,51.452268,5.490709,18.00,173,3
1126,0,1,3444.62,2.98,337,51.452294,5.490717,18.00,173,2
1127,0,1,3444.62,2.81,337,51.452320,5.490722,18.00,173,3
1128,0,1,3444.62,0.00,337,51.452346,5.490724,18.00,172,2
1129,0,1,3449.56,2.57,338,51.452373,5.490720,18.00,172,3
1130,0,1,3449.56,0.00,338,51.452401,5.490709,18.00,172,3
1131,0,1,3449.56,0.00,338,51.452429,5.490694,18.00,172,2
1132,0,1,3449.56,0.00,338,51.452457,5.490674,18.00,172,3
1133,0,1,3449.56,0.00,338,51.452485,5.490651,18.00,172,3
1134,0,1,3449.56,0.00,338,51.452512,5.490626,18.00,172,2
1135,0,1,3449.56,0.00,338,51.452538,5.490602,18.00,172,3
1136,0,1,3449.56,0.00,338,51.452563,5.490577,18.00,172,3
1137,0,1,3449.56,0.00,338,51.452586,5.490555,18.00,172,3
1138,0,1,3464.13,1.42,339,51.452608,5.490537,18.00,172,2
1139,0,1,3465.69,1.53,339,51.452626,5.490522,18.00,172,3
1140,0,1,3467.68,1.95,340,51.452643,5.490514,18.00,172,3
1141,0,1,3470.71,2.97,340,51.452664,5.490510,18.00,172,2
1142,0,1,3474.51,3.21,340,51.452692,5.490511,18.00,171,3
1143,0,1,3478.58,3.53,341,51.452726,5.490514,18.00,172,2
1144,0,1,3478.58,3.88,341,51.452761,5.490515,18.00,172,3
1145,0,1,3478.58,3.66,341,51.452795,5.490510,18.00,172,3
1146,0,1,3482.68,3.59,342,51.452827,5.490500,19.00,172,2
1147,0,1,3486.29,3.23,342,51.452856,5.490484,19.00,172,3
1148,0,1,3489.68,3.01,342,51.452883,5.490464,19.00,172,2
1149,0,1,3493.04,2.95,343,51.452906,5.490440,19.00,172,3
1150,0,1,3495.63,2.85,343,51.452926,5.490413,19.00,172,3
1151,0,1,3498.83,2.79,343,51.452941,5.490384,19.00,172,2
1152,0,1,3501.83,2.60,344,51.452953,5.490353,19.00,172,3
1153,0,1,3515.59,2.66,344,51.452962,5.490321,19.00,173,3
1154,0,1,3523.87,2.38,344,51.452968,5.490286,19.00,173,2
1155,0,1,3526.91,2.43,345,51.452973,5.490250,19.00,173,3
1156,0,1,3529.14,2.73,345,51.452976,5.490213,19.00,173,5
1157,0,1,3531.61,2.64,345,51.452978,5.490174,19.00,173,5
1158,0,1,3534.08,2.63,345,51.452981,5.490134,19.00,173,3
1159,0,1,3536.54,2.72,346,51.452984,5.490094,19.00,173,2
1160,0,1,3539.13,2.85,346,51.452986,5.490053,19.00,173,3
1161,0,1,3541.91,2.88,346,51.452989,5.490012,19.00,173,2
1162,0,1,3545.24,2.92,347,51.452992,5.489972,19.00,173,3
1163,0,1,3548.55,2.90,347,51.452994,5.489934,19.00,174,3
1164,0,1,3548.55,2.50,347,51.452997,5.489897,19.00,174,2
1165,0,1,3548.55,2.52,348,51.453000,5.489861,19.00,174,3
1166,0,1,3551.57,2.59,348,51.453003,5.489825,19.00,174,3
1167,0,1,3552.86,2.36,348,51.453007,5.489789,19.00,174,2
1168,0,1,3555.61,2.32,348,51.453011,5.489753,19.00,174,3
1169,0,1,3558.51,2.56,349,51.453017,5.489715,19.00,175,3
1170,0,1,3560.50,2.47,349,51.453023,5.489676,19.00,175,2
1171,0,1,3563.26,2.48,349,51.453033,5.489640,19.00,175,3
1172,0,1,3566.26,2.72,350,51.453049,5.489612,19.00,175,3
1173,0,1,3568.12,2.75,350,51.453072,5.489594,19.00,175,2
1174,0,1,3571.23,2.85,350,51.453101,5.489586,19.00,175,3
1175,0,1,3574.87,3.34,351,51.453131,5.489584,19.00,175,2
1176,0,1,3575.92,3.16,351,51.453161,5.489585,19.00,176,3
1177,0,1,3583.89,2.92,351,51.453189,5.489588,19.00,176,2
1178,0,1,3588.09,2.89,351,51.453217,5.489594,19.00,176,3
1179,0,1,3591.15,3.06,352,51.453243,5.489601,19.00,176,3
1180,0,1,3594.31,2.88,352,51.453270,5.489609,19.00,176,2
1181,0,1,3597.33,2.84,352,51.453295,5.489619,19.00,176,3
1182,0,1,3600.30,2.83,353,51.453321,5.489629,20.00,176,3
1183,0,1,3603.25,2.82,353,51.453347,5.489639,20.00,176,2
1184,0,1,3606.16,2.71,353,51.453373,5.489648,19.00,176,3
1185,0,1,3608.97,2.81,354,51.453399,5.489657,19.00,176,3
1186,0,1,3611.91,2.89,354,51.453426,5.489665,19.00,176,2
1187,0,1,3614.99,3.07,354,51.453454,5.489672,19.00,176,3
1188,0,1,3618.20,3.17,354,51.453484,5.489677,19.00,176,3
1189,0,1,3621.47,2.94,355,51.453514,5.489679,19.00,176,2
1190,0,1,3624.67,3.24,355,51.453546,5.489680,19.00,176,3
1191,0,1,3628.20,3.28,355,51.453578,5.489680,19.00,176,3
1192,0,1,3631.89,3.10,356,51.453610,5.489679,19.00,176,2
1193,0,1,3635.44,3.20,356,51.453642,5.489677,19.00,176,3
1194,0,1,3638.96,3.07,356,51.453673,5.489675,19.00,176,3
1195,0,1,3642.36,3.02,357,51.453703,5.489674,19.00,176,2
1196,0,1,3645.66,3.13,357,51.453732,5.489673,18.00,176,3
1197,0,1,3648.94,2.95,357,51.453760,5.489672,18.00,176,2
1198,0,1,3652.02,2.84,357,51.453787,5.489672,18.00,176,3
1199,0,1,3655.09,2.97,358,51.453815,5.489672,18.00,176,3
1200,0,1,3658.20,2.92,358,51.453843,5.489671,18.00,176,2
1201,0,1,3661.33,3.01,358,51.453871,5.489671,18.00,176,3
1202,0,1,3664.54,2.86,359,51.453899,5.489671,18.00,176,2
1203,0,1,3667.63,2.90,359,51.453928,5.489671,18.00,176,3
1204,0,1,3670.81,3.07,359,51.453956,5.489671,18.00,176,3
1205,0,1,3674.01,2.90,360,51.453985,5.489671,18.00,176,2
1206,0,1,3677.07,2.83,360,51.454014,5.489672,18.00,176,3
1207,0,1,3680.13,3.06,360,51.454043,5.489672,18.00,176,3
1208,0,1,3683.37,2.95,360,51.454072,5.489673,17.00,176,2
1209,0,1,3686.59,3.19,361,51.454101,5.489673,17.00,176,3
1210,0,1,3689.95,3.05,361,51.454130,5.489674,17.00,176,3
1211,0,1,3693.19,2.98,361,51.454158,5.489676,17.00,176,2
1212,0,1,3696.40,3.06,362,51.454186,5.489677,17.00,176,3
1213,0,1,3699.59,2.97,362,51.454213,5.489679,17.00,176,3
1214,0,1,3702.71,2.78,362,51.454241,5.489681,17.00,176,2
1215,0,1,3705.69,2.70,363,51.454268,5.489683,17.00,176,3
1216,0,1,3708.83,2.74,363,51.454294,5.489685,17.00,177,2
1217,0,1,3711.79,2.56,363,51.454321,5.489686,17.00,177,3
1218,0,1,3711.79,2.74,363,51.454349,5.489687,17.00,177,3
1219,0,1,3711.79,2.91,364,51.454377,5.489688,17.00,177,2
1220,0,1,3715.46,3.25,364,51.454406,5.489688,17.00,177,3
1221,0,1,3717.17,3.19,364,51.454435,5.489687,17.00,177,2
1222,0,1,3720.86,3.33,365,51.454465,5.489685,17.00,177,4
1223,0,1,3724.46,3.25,365,51.454495,5.489684,17.00,177,2
1224,0,1,3727.10,3.08,365,51.454526,5.489684,17.00,177,2
1225,0,1,3730.51,3.09,366,51.454557,5.489684,17.00,177,3
1226,0,1,3734.16,3.32,366,51.454589,5.489684,17.00,177,3
1227,0,1,3737.27,3.19,366,51.454620,5.489686,17.00,178,2
1228,0,1,3741.08,3.30,366,51.454651,5.489688,17.00,177,3
1229,0,1,3744.73,3.21,367,51.454681,5.489690,17.00,178,3
1230,0,1,3747.49,2.95,367,51.454711,5.489691,17.00,178,2
1231,0,1,3751.10,3.20,367,51.454740,5.489692,17.00,178,3
1232,0,1,3754.62,3.11,368,51.454768,5.489691,17.00,178,3
1233,0,1,3757.57,2.84,368,51.454794,5.489689,17.00,178,2
1234,0,1,3766.16,2.65,368,51.454820,5.489685,17.00,177,3
1235,0,1,3770.05,2.78,369,51.454846,5.489677,17.00,178,3
1236,0,1,3772.93,2.75,369,51.454873,5.489665,17.00,177,2
1237,0,1,3775.94,3.09,369,51.454901,5.489650,17.00,177,3
1238,0,1,3779.17,3.19,369,51.454929,5.489636,17.00,177,2
1239,0,1,3782.45,3.10,370,51.454956,5.489623,17.00,177,3
1240,0,1,3785.72,3.19,370,51.454984,5.489612,17.00,177,3
1241,0,1,3789.05,3.21,370,51.455010,5.489603,17.00,176,2
1242,0,1,3792.28,2.75,371,51.455037,5.489596,17.00,176,3
1243,0,1,3795.09,2.72,371,51.455064,5.489590,17.00,176,3
1244,0,1,3797.87,2.64,371,51.455090,5.489586,17.00,176,2
1245,0,1,3800.62,2.57,372,51.455117,5.489584,17.00,176,3
1246,0,1,3803.35,2.75,372,51.455144,5.489583,17.00,176,2
1247,0,1,3806.27,2.82,372,51.455170,5.489584,17.00,176,3
1248,0,1,3809.31,2.97,372,51.455197,5.489585,17.00,175,3
1249,0,1,3812.46,2.80,373,51.455225,5.489586,17.00,175,2
1250,0,1,3815.50,3.06,373,51.455252,5.489588,17.00,175,3
1251,0,1,3818.79,3.06,373,51.455279,5.489590,17.00,175,3
1252,0,1,3822.03,2.92,374,51.455307,5.489591,17.00,175,2
1253,0,1,3825.14,3.08,374,51.455335,5.489591,17.00,175,3
1254,0,1,3828.46,2.97,374,51.455363,5.489591,17.00,174,3
1255,0,1,3831.66,2.85,375,51.455391,5.489591,17.00,175,2
1256,0,1,3831.66,3.02,375,51.455420,5.489590,17.00,174,3
1257,0,1,3831.66,2.94,375,51.455448,5.489589,17.00,174,2
1258,0,1,3837.05,2.81,375,51.455476,5.489589,17.00,174,6
1259,0,1,3843.01,2.83,376,51.455504,5.489588,17.00,173,6
1260,0,1,3846.45,2.95,376,51.455532,5.489588,17.00,173,3
1261,0,1,3849.50,3.04,376,51.455559,5.489588,17.00,173,1
1262,0,1,3852.65,3.14,377,51.455587,5.489589,17.00,172,2
1263,0,1,3855.89,3.12,377,51.455614,5.489590,17.00,172,2
1264,0,1,3859.08,3.01,377,51.455640,5.489592,17.00,172,3
1265,0,1,3862.16,2.64,378,51.455666,5.489594,17.00,172,2
1266,0,1,3864.95,2.62,378,51.455692,5.489597,17.00,172,3
1267,0,1,3867.67,2.66,378,51.455718,5.489601,17.00,171,3
1268,0,1,3870.42,2.59,378,51.455743,5.489605,17.00,172,2
1269,0,1,3873.19,2.94,379,51.455768,5.489609,17.00,172,3
1270,0,1,3876.23,2.62,379,51.455794,5.489614,17.00,172,5
1271,0,1,3879.07,2.74,379,51.455819,5.489618,16.00,171,5
1272,0,1,3881.94,2.84,380,51.455844,5.489623,16.00,171,3
1273,0,1,3884.89,2.73,380,51.455869,5.489627,17.00,171,3
1274,0,1,3887.69,2.61,380,51.455894,5.489630,17.00,171,2
1275,0,1,3890.38,2.75,381,51.455920,5.489634,17.00,171,3
1276,0,1,3893.18,2.84,381,51.455946,5.489636,17.00,171,3
1277,0,1,3896.07,2.64,381,51.455972,5.489638,17.00,170,2
1278,0,1,3898.87,2.71,381,51.455999,5.489639,17.00,171,3
1279,0,1,3901.68,2.94,382,51.456026,5.489639,17.00,171,3
1280,0,1,3904.68,2.91,382,51.456054,5.489640,17.00,171,2
1281,0,1,3907.72,2.85,382,51.456082,5.489640,17.00,171,3
1282,0,1,3910.79,3.25,383,51.456110,5.489640,17.00,171,2
1283,0,1,3914.18,3.20,383,51.456139,5.489641,17.00,171,3
1284,0,1,3917.53,3.14,383,51.456168,5.489642,17.00,171,3
1285,0,1,3920.74,3.25,384,51.456198,5.489644,17.00,171,3
1286,0,1,3924.13,3.06,384,51.456228,5.489645,17.00,172,2
1287,0,1,3927.42,3.06,384,51.456258,5.489645,17.00,172,3
1288,0,1,3930.76,3.04,384,51.456288,5.489645,17.00,172,2
1289,0,1,3934.34,3.05,385,51.456318,5.489643,17.00,173,3
1290,0,1,3937.90,3.03,385,51.456349,5.489640,17.00,173,2
1291,0,1,3937.90,2.94,385,51.456378,5.489637,17.00,173,3
1292,0,1,3937.90,3.03,386,51.456407,5.489634,18.00,173,3
1293,0,1,3941.32,3.01,386,51.456433,5.489632,18.00,174,2
1294,0,1,3943.57,2.45,386,51.456459,5.489633,18.00,174,5
1295,0,1,3946.48,2.60,387,51.456482,5.489636,18.00,174,5
1296,0,1,3949.35,2.56,387,51.456506,5.489638,18.00,175,3
1297,0,1,3952.60,2.39,387,51.456530,5.489640,18.00,175,3
1298,0,1,3955.41,2.41,387,51.456554,5.489641,18.00,175,3
1299,0,1,3958.49,2.53,388,51.456579,5.489641,18.00,175,2
1300,0,1,3961.04,2.30,388,51.456605,5.489640,18.00,175,2
1301,0,1,3963.97,2.38,388,51.456633,5.489640,18.00,175,3
1302,0,1,3967.25,2.75,389,51.456661,5.489639,18.00,175,3
1303,0,1,3969.57,3.17,389,51.456692,5.489639,18.00,175,2
1304,0,1,3973.72,3.61,389,51.456724,5.489639,18.00,175,3
1305,0,1,3977.79,3.53,390,51.456756,5.489640,18.00,175,3
1306,0,1,3981.55,3.34,390,51.456788,5.489641,18.00,175,2
1307,0,1,3985.22,3.20,390,51.456820,5.489643,18.00,175,3
1308,0,1,3985.22,3.19,390,51.456851,5.489646,18.00,175,2
1309,0,1,3985.22,3.19,391,51.456880,5.489649,18.00,175,3
1310,0,1,3988.26,2.75,391,51.456907,5.489654,18.00,175,2
1311,0,1,3991.29,2.72,391,51.456932,5.489659,17.00,175,3
1312,0,1,3994.42,2.81,392,51.456957,5.489665,17.00,174,3
1313,0,1,3998.81,2.89,392,51.456983,5.489671,17.00,174,2
1314,0,1,4002.18,3.05,392,51.457009,5.489677,17.00,174,3
1315,0,1,4005.77,3.26,393,51.457037,5.489683,17.00,174,3
1316,0,1,4014.23,3.08,393,51.457068,5.489689,17.00,174,2
1317,0,1,4017.59,3.04,393,51.457100,5.489694,17.00,174,3
1318,0,1,4021.04,3.13,393,51.457131,5.489695,17.00,174,2
1319,0,1,4025.50,3.18,394,51.457160,5.489692,17.00,174,3
1320,0,1,4034.70,2.86,394,51.457184,5.489683,17.00,174,2
1321,0,1,4038.89,2.58,394,51.457203,5.489667,17.00,175,3
1322,0,1,4041.56,2.33,395,51.457215,5.489642,17.00,175,3
1323,0,1,4044.11,2.20,395,51.457221,5.489611,17.00,175,2
1324,0,1,4046.59,2.15,395,51.457223,5.489574,17.00,175,3
1325,0,1,4049.06,2.79,396,51.457222,5.489534,17.00,175,3
1326,0,1,4052.06,2.90,396,51.457219,5.489492,17.00,175,2
1327,0,1,4055.24,2.69,396,51.457218,5.489450,17.00,175,2
1328,0,1,4058.16,2.76,396,51.457218,5.489410,17.00,175,3
1329,0,1,4060.99,2.54,397,51.457219,5.489371,17.00,175,2
1330,0,1,4063.75,2.56,397,51.457222,5.489332,17.00,175,2
1331,0,1,4066.63,2.67,397,51.457226,5.489294,17.00,175,2
1332,0,1,4069.50,2.55,398,51.457229,5.489255,17.00,175,3
1333,0,1,4072.29,2.54,398,51.457233,5.489215,17.00,176,2
1334,0,1,4075.12,2.97,398,51.457236,5.489173,17.00,176,3
1335,0,1,4078.30,3.14,399,51.457238,5.489129,17.00,176,3
1336,0,1,4081.53,2.83,399,51.457239,5.489083,17.00,176,2
1337,0,1,4084.67,3.04,399,51.457240,5.489036,17.00,177,3
1338,0,1,4088.08,2.85,399,51.457240,5.488988,17.00,177,2
1339,0,1,4091.31,2.53,400,51.457239,5.488940,17.00,177,3
1340,0,1,4094.15,2.61,400,51.457237,5.488892,17.00,177,3
1341,0,1,4096.99,3.12,400,51.457236,5.488846,17.00,177,2
1342,0,1,4100.37,2.76,401,51.457234,5.488801,17.00,177,3
1343,0,1,4103.62,2.54,401,51.457233,5.488756,17.00,177,3
1344,0,1,4106.63,2.65,401,51.457232,5.488712,17.00,177,2
1345,0,1,4109.63,2.93,402,51.457231,5.488668,17.00,177,3
1346,0,1,4112.93,3.00,402,51.457231,5.488624,17.00,177,3
1347,0,1,4116.25,2.71,402,51.457232,5.488579,17.00,177,2
1348,0,1,4119.17,2.86,402,51.457235,5.488535,17.00,177,6
1349,0,1,4122.09,2.73,403,51.457236,5.488490,17.00,177,6
1350,0,1,4125.01,2.92,403,51.457237,5.488446,17.00,177,3
1351,0,1,4128.11,3.08,403,51.457234,5.488402,17.00,177,2
1352,0,1,4131.36,2.73,404,51.457230,5.488360,17.00,177,3
1353,0,1,4134.35,2.57,404,51.457226,5.488317,17.00,176,2
1354,0,1,4137.20,2.55,404,51.457223,5.488275,17.00,176,3
1355,0,1,4140.04,2.67,405,51.457221,5.488233,17.00,176,2
1356,0,1,4143.24,2.79,405,51.457221,5.488191,17.00,176,3
1357,0,1,4146.68,3.03,405,51.457222,5.488149,17.00,176,3
1358,0,1,4146.68,2.77,405,51.457224,5.488107,17.00,176,2
1359,0,1,4146.68,2.46,406,51.457227,5.488067,17.00,177,3
1360,0,1,4149.69,2.58,406,51.457232,5.488026,17.00,177,3
1361,0,1,4151.94,2.40,406,51.457237,5.487987,17.00,177,2
1362,0,1,4155.04,2.61,407,51.457244,5.487948,17.00,177,3
1363,0,1,4158.37,2.83,407,51.457253,5.487909,18.00,176,3
1364,0,1,4160.12,2.78,407,51.457263,5.487871,18.00,177,2
1365,0,1,4163.44,2.82,408,51.457275,5.487833,18.00,177,3
1366,0,1,4167.00,3.15,408,51.457289,5.487794,18.00,177,2
1367,0,1,4168.88,3.14,408,51.457304,5.487755,18.00,177,3
1368,0,1,4172.27,3.01,408,51.457320,5.487715,18.00,177,2
1369,0,1,4175.58,2.96,409,51.457331,5.487673,18.00,177,3
1370,0,1,4178.26,2.97,409,51.457338,5.487628,18.00,177,3
1371,0,1,4181.75,3.14,409,51.457340,5.487581,18.00,177,2
1372,0,1,4185.29,3.19,410,51.457340,5.487533,18.00,178,3
1373,0,1,4187.61,3.27,410,51.457339,5.487486,18.00,178,0
1374,0,1,4190.96,3.06,410,51.457337,5.487439,18.00,178,3
1375,0,1,4194.32,3.04,411,51.457335,5.487393,18.00,178,2
1376,0,1,4197.40,3.06,411,51.457332,5.487348,18.00,178,2
1377,0,1,4200.76,2.98,411,51.457330,5.487303,18.00,178,2
1378,0,1,4204.08,2.94,411,51.457327,5.487259,18.00,178,3
1379,0,1,4206.95,3.05,412,51.457325,5.487215,18.00,179,3
1380,0,1,4210.23,2.90,412,51.457323,5.487171,18.00,179,2
1381,0,1,4213.46,2.85,412,51.457320,5.487128,18.00,179,2
1382,0,1,4216.24,3.13,413,51.457318,5.487084,18.00,179,4
1383,0,1,4219.51,2.89,413,51.457315,5.487040,18.00,179,2
1384,0,1,4222.79,2.90,413,51.457311,5.486995,18.00,179,3
1385,0,1,4225.47,3.02,414,51.457308,5.486950,18.00,179,2
1386,0,1,4228.92,3.07,414,51.457303,5.486903,18.00,179,3
1387,0,1,4232.53,3.23,414,51.457299,5.486855,18.00,179,3
1388,0,1,4234.78,3.36,414,51.457294,5.486807,18.00,179,2
1389,0,1,4238.46,3.29,415,51.457290,5.486760,18.00,180,3
1390,0,1,4241.73,2.89,415,51.457287,5.486713,18.00,180,2
1391,0,1,4244.66,2.97,415,51.457285,5.486668,18.00,180,3
1392,0,1,4247.82,2.78,416,51.457285,5.486624,18.00,180,3
1393,0,1,4251.05,2.85,416,51.457286,5.486581,18.00,180,3
1394,0,1,4254.18,3.08,416,51.457288,5.486537,18.00,180,2
1395,0,1,4257.67,3.11,417,51.457293,5.486492,18.00,180,3
1396,0,1,4261.13,3.08,417,51.457297,5.486447,18.00,180,2
1397,0,1,4263.40,3.11,417,51.457302,5.486402,18.00,180,3
1398,0,1,4266.74,3.11,417,51.457305,5.486357,18.00,180,3
1399,0,1,4269.79,2.82,418,51.457307,5.486314,18.00,180,2
1400,0,1,4272.86,2.87,418,51.457309,5.486270,18.00,180,6
1401,0,1,4276.04,2.92,418,51.457309,5.486227,18.00,180,6
1402,0,1,4279.21,2.82,419,51.457309,5.486183,18.00,180,2
1403,0,1,4282.02,2.99,419,51.457308,5.486140,18.00,180,3
1404,0,1,4285.42,3.08,419,51.457306,5.486096,18.00,180,2
1405,0,1,4288.68,2.94,420,51.457304,5.486051,19.00,180,3
1406,0,1,4291.13,2.91,420,51.457301,5.486006,19.00,180,3
1407,0,1,4294.50,3.11,420,51.457299,5.485960,19.00,181,2
1408,0,1,4297.97,3.18,420,51.457296,5.485915,19.00,181,3
1409,0,1,4300.46,3.00,421,51.457293,5.485869,19.00,181,3
1410,0,1,4303.67,2.89,421,51.457290,5.485823,19.00,181,2
1411,0,1,4306.92,2.96,421,51.457287,5.485777,19.00,181,3
1412,0,1,4310.11,2.90,422,51.457285,5.485731,19.00,181,3
1413,0,1,4313.33,2.96,422,51.457283,5.485685,19.00,181,2
1414,0,1,4316.69,3.09,422,51.457281,5.485639,19.00,181,3
1415,0,1,4319.52,3.10,423,51.457280,5.485594,19.00,181,2
1416,0,1,4322.87,3.06,423,51.457279,5.485549,19.00,181,3
1417,0,1,4326.41,3.25,423,51.457280,5.485504,19.00,181,3
1418,0,1,4329.23,3.01,423,51.457280,5.485460,19.00,181,2
1419,0,1,4332.35,2.83,424,51.457280,5.485416,19.00,181,3
1420,0,1,4335.62,2.89,424,51.457280,5.485373,19.00,181,3
1421,0,1,4338.83,2.68,424,51.457279,5.485330,19.00,181,2
1422,0,1,4341.83,2.60,425,51.457275,5.485287,19.00,181,3
1423,0,1,4344.96,2.73,425,51.457270,5.485246,19.00,181,2
1424,0,1,4347.76,2.83,425,51.457261,5.485207,19.00,181,3
1425,0,1,4350.80,2.64,426,51.457247,5.485176,19.00,180,3
1426,0,1,4353.64,2.44,426,51.457227,5.485154,19.00,180,2
1427,0,1,4356.30,2.57,426,51.457202,5.485139,19.00,180,3
1428,0,1,4359.64,2.93,426,51.457175,5.485131,19.00,180,2
1429,0,1,4363.17,3.18,427,51.457146,5.485128,19.00,180,3
1430,0,1,4364.38,3.30,427,51.457117,5.485129,19.00,180,3
1431,0,1,4372.78,3.12,427,51.457087,5.485132,19.00,180,2
1432,0,1,4377.27,3.06,428,51.457057,5.485136,19.00,180,6
1433,0,1,4380.51,3.12,428,51.457027,5.485141,19.00,180,6
1434,0,1,4383.75,3.01,428,51.456997,5.485146,19.00,180,2
1435,0,1,4386.97,3.26,429,51.456967,5.485149,19.00,179,3
1436,0,1,4390.42,3.34,429,51.456936,5.485150,19.00,179,3
1437,0,1,4393.94,3.30,429,51.456907,5.485150,19.00,179,2
1438,0,1,4397.39,3.14,429,51.456877,5.485148,19.00,179,3
1439,0,1,4400.83,3.34,430,51.456847,5.485145,19.00,179,2
1440,0,1,4404.37,3.17,430,51.456817,5.485143,19.00,179,3
1441,0,1,4407.77,3.09,430,51.456787,5.485142,19.00,179,3
1442,0,1,4411.03,3.24,431,51.456756,5.485142,19.00,179,2
1443,0,1,4414.41,3.40,431,51.456726,5.485143,19.00,179,3
1444,0,1,4417.92,3.18,431,51.456695,5.485145,19.00,179,3
1445,0,1,4421.26,3.15,432,51.456665,5.485148,19.00,179,2
1446,0,1,4424.53,3.13,432,51.456634,5.485151,19.00,179,3
1447,0,1,4427.82,3.17,432,51.456605,5.485155,19.00,179,2
1448,0,1,4431.16,3.26,432,51.456576,5.485158,19.00,179,3
1449,0,1,4434.59,3.25,433,51.456547,5.485160,19.00,179,3
1450,0,1,4437.97,2.89,433,51.456519,5.485162,19.00,178,2
1451,0,1,4441.04,2.59,433,51.456492,5.485165,19.00,178,3
1452,0,1,4443.87,2.70,434,51.456464,5.485167,19.00,178,3
1453,0,1,4446.81,2.63,434,51.456436,5.485170,19.00,178,2
1454,0,1,4449.85,2.73,434,51.456407,5.485173,19.00,177,3
1455,0,1,4449.85,3.16,435,51.456378,5.485177,19.00,177,5
1456,0,1,4449.85,3.02,435,51.456348,5.485183,19.00,176,5
1457,0,1,4453.29,3.15,435,51.456317,5.485188,19.00,176,3
1458,0,1,4456.15,3.34,435,51.456287,5.485194,19.00,175,2
1459,0,1,4459.66,3.16,436,51.456255,5.485201,19.00,175,3
1460,0,1,4463.50,3.42,436,51.456224,5.485208,19.00,175,3
1461,0,1,4466.60,3.46,436,51.456192,5.485214,19.00,175,3
1462,0,1,4470.40,3.38,437,51.456161,5.485221,19.00,174,2
1463,0,1,4473.93,3.18,437,51.456130,5.485228,19.00,174,2
1464,0,1,4477.24,3.33,437,51.456099,5.485234,19.00,174,3
1465,0,1,4480.93,3.27,438,51.456069,5.485240,19.00,174,3
1466,0,1,4484.58,3.21,438,51.456039,5.485245,19.00,174,2
1467,0,1,4487.50,3.08,438,51.456011,5.485249,19.00,174,3
1468,0,1,4491.14,3.05,438,51.455983,5.485253,19.00,174,3
1469,0,1,4494.52,2.91,439,51.455955,5.485255,19.00,174,2
1470,0,1,4497.38,2.83,439,51.455928,5.485256,19.00,174,3
1471,0,1,4500.74,2.89,439,51.455901,5.485257,19.00,175,2
1472,0,1,4503.82,2.71,440,51.455875,5.485255,19.00,175,3
1473,0,1,4506.63,2.93,440,51.455848,5.485253,19.00,175,3
1474,0,1,4510.02,3.01,440,51.455820,5.485248,19.00,174,3
1475,0,1,4513.32,2.92,441,51.455793,5.485243,19.00,175,2
1476,0,1,4515.62,2.78,441,51.455766,5.485235,19.00,175,2
1477,0,1,4518.88,2.79,441,51.455739,5.485227,19.00,175,3
1478,0,1,4522.19,2.81,441,51.455714,5.485216,19.00,175,3
1479,0,1,4524.74,2.68,442,51.455690,5.485205,19.00,175,2
1480,0,1,4527.55,2.35,442,51.455667,5.485192,19.00,175,3
1481,0,1,4530.06,2.26,442,51.455645,5.485178,19.00,175,3
1482,0,1,4533.43,2.25,443,51.455625,5.485164,19.00,175,2
1483,0,1,4536.09,2.38,443,51.455604,5.485149,19.00,175,3
1484,0,1,4538.91,2.57,443,51.455582,5.485133,20.00,175,2
1485,0,1,4541.07,2.51,444,51.455560,5.485118,20.00,175,3
1486,0,1,4543.84,2.49,444,51.455537,5.485104,20.00,175,3
1487,0,1,4546.87,2.75,444,51.455511,5.485090,20.00,175,3
1488,0,1,4549.35,3.03,444,51.455484,5.485077,20.00,176,2
1489,0,1,4552.62,2.98,445,51.455455,5.485064,20.00,176,3
1490,0,1,4555.96,3.02,445,51.455426,5.485052,20.00,176,2
1491,0,1,4558.69,2.78,445,51.455395,5.485041,20.00,176,3
1492,0,1,4561.95,2.88,446,51.455364,5.485030,20.00,176,2
1493,0,1,4565.37,3.04,446,51.455334,5.485019,20.00,176,3
1494,0,1,4568.37,3.12,446,51.455303,5.485009,20.00,176,2
1495,0,1,4571.85,3.07,447,51.455272,5.484999,20.00,176,3
1496,0,1,4575.54,3.30,447,51.455241,5.484989,20.00,176,3
1497,0,1,4578.50,3.32,447,51.455210,5.484979,20.00,176,3
1498,0,1,4582.02,3.14,447,51.455179,5.484969,21.00,176,2
1499,0,1,4585.49,3.09,448,51.455149,5.484959,21.00,177,2
1500,0,1,4589.24,3.16,448,51.455119,5.484949,21.00,177,3
1501,0,1,4592.44,2.85,448,51.455089,5.484939,21.00,177,3
1502,0,1,4595.80,2.98,449,51.455059,5.484929,21.00,177,3
1503,0,1,4599.68,3.07,449,51.455029,5.484918,21.00,177,2
1504,0,1,4602.96,2.87,449,51.455000,5.484907,21.00,177,3
1505,0,1,4606.12,2.84,450,51.454972,5.484895,21.00,177,3
1506,0,1,4609.75,3.08,450,51.454943,5.484883,21.00,177,2
1507,0,1,4612.92,2.88,450,51.454915,5.484871,21.00,177,3
1508,0,1,4616.18,2.97,450,51.454886,5.484859,21.00,177,3
1509,0,1,4619.45,3.19,451,51.454857,5.484848,21.00,177,2
1510,0,1,4623.19,3.24,451,51.454828,5.484838,21.00,178,3
1511,0,1,4626.70,3.10,451,51.454798,5.484828,21.00,178,2
1512,0,1,4629.38,3.14,452,51.454768,5.484819,21.00,178,3
1513,0,1,4632.82,3.09,452,51.454737,5.484811,21.00,178,3
1514,0,1,4636.07,2.93,452,51.454706,5.484804,21.00,178,3
1515,0,1,4639.61,3.18,453,51.454676,5.484796,21.00,178,2
1516,0,1,4642.92,2.99,453,51.454647,5.484789,21.00,178,3
1517,0,1,4646.26,3.05,453,51.454620,5.484780,21.00,178,5
1518,0,1,4649.51,2.70,453,51.454595,5.484771,21.00,178,5
1519,0,1,4652.32,2.50,454,51.454571,5.484761,21.00,178,3
1520,0,1,4654.86,2.18,454,51.454548,5.484750,21.00,178,2
1521,0,1,4658.84,2.24,454,51.454525,5.484739,21.00,178,3
1522,0,1,4661.63,2.45,455,51.454501,5.484728,21.00,178,3
1523,0,1,4664.60,2.54,455,51.454477,5.484716,21.00,178,2
1524,0,1,4667.09,2.61,455,51.454450,5.484705,21.00,178,3
1525,0,1,4670.58,3.08,456,51.454422,5.484694,21.00,178,3
1526,0,1,4673.82,2.83,456,51.454393,5.484683,21.00,178,2
1527,0,1,4675.93,3.10,456,51.454362,5.484672,21.00,178,2
1528,0,1,4679.77,3.39,456,51.454332,5.484662,21.00,178,3
1529,0,1,4683.30,3.12,457,51.454301,5.484653,21.00,178,3
1530,0,1,4685.90,2.79,457,51.454271,5.484644,21.00,178,3
1531,0,1,4689.32,2.98,457,51.454241,5.484636,21.00,178,2
1532,0,1,4692.73,3.00,458,51.454212,5.484628,21.00,178,3
1533,0,1,4696.05,2.99,458,51.454182,5.484621,21.00,178,3
1534,0,1,4699.79,3.26,458,51.454153,5.484613,21.00,178,2
1535,0,1,4703.26,3.12,459,51.454125,5.484605,21.00,178,3
1536,0,1,4705.99,2.92,459,51.454096,5.484598,21.00,178,2
1537,0,1,4709.05,2.75,459,51.454068,5.484589,21.00,178,3
1538,0,1,4712.07,2.68,459,51.454040,5.484581,21.00,178,3
1539,0,1,4715.69,2.55,460,51.454012,5.484572,21.00,178,2
1540,0,1,4718.86,2.74,460,51.453984,5.484563,21.00,178,3
1541,0,1,4722.41,3.11,460,51.453956,5.484553,21.00,178,3
1542,0,1,4724.70,2.94,461,51.453928,5.484544,21.00,178,2
1543,0,1,4728.03,2.95,461,51.453901,5.484534,21.00,178,3
1544,0,1,4731.62,3.24,461,51.453873,5.484524,21.00,178,2
1545,0,1,4734.33,2.99,462,51.453846,5.484514,21.00,178,3
1546,0,1,4737.68,2.88,462,51.453818,5.484503,21.00,178,3
1547,0,1,4740.93,2.93,462,51.453790,5.484493,21.00,178,2
1548,0,1,4744.20,3.10,462,51.453762,5.484483,21.00,178,3
1549,0,1,4747.38,2.77,463,51.453734,5.484472,21.00,178,2
1550,0,1,4750.71,2.95,463,51.453706,5.484462,21.00,178,6
1551,0,1,4753.92,3.17,463,51.453678,5.484451,21.00,179,6
1552,0,1,4757.38,3.02,464,51.453649,5.484441,21.00,179,3
1553,0,1,4760.90,3.11,464,51.453620,5.484430,21.00,179,2
1554,0,1,4763.40,3.22,464,51.453590,5.484420,21.00,179,3
1555,0,1,4766.89,3.11,465,51.453561,5.484410,21.00,179,2
1556,0,1,4770.46,3.16,465,51.453531,5.484400,21.00,179,3
1557,0,1,4773.25,3.28,465,51.453500,5.484389,21.00,179,3
1558,0,1,4776.94,3.27,466,51.453470,5.484379,21.00,179,2
1559,0,1,4780.62,3.32,466,51.453439,5.484369,21.00,179,3
1560,0,1,4783.43,3.37,466,51.453408,5.484359,21.00,179,5
1561,0,1,4787.10,3.34,467,51.453378,5.484348,21.00,179,5
1562,0,1,4790.67,3.25,467,51.453348,5.484337,22.00,179,3
1563,0,1,4793.82,3.36,467,51.453319,5.484325,22.00,179,3
1564,0,1,4797.42,3.27,467,51.453290,5.484313,22.00,179,2
1565,0,1,4800.85,3.17,468,51.453262,5.484300,21.00,179,3
1566,0,1,4804.01,3.19,468,51.453235,5.484287,21.00,179,2
1567,0,1,4807.25,2.98,468,51.453209,5.484272,21.00,179,3
1568,0,1,4810.31,2.80,469,51.453184,5.484257,21.00,179,3
1569,0,1,4813.64,2.75,469,51.453160,5.484241,21.00,179,2
1570,0,1,4816.66,2.76,469,51.453139,5.484221,21.00,179,3
1571,0,1,4819.67,2.75,470,51.453119,5.484196,21.00,179,2
1572,0,1,4822.25,2.83,470,51.453103,5.484165,21.00,179,3
1573,0,1,4825.10,2.60,470,51.453092,5.484128,21.00,179,3
1574,0,1,4828.22,2.72,471,51.453087,5.484090,21.00,179,2
1575,0,1,4830.24,2.77,471,51.453091,5.484050,21.00,178,3
1576,0,1,4837.20,2.66,471,51.453099,5.484011,21.00,179,3
1577,0,1,4840.77,2.72,472,51.453106,5.483971,21.00,178,2
1578,0,1,4843.58,2.75,472,51.453110,5.483931,21.00,178,3
1579,0,1,4846.48,2.79,472,51.453110,5.483890,22.00,179,3
1580,0,1,4849.49,2.80,472,51.453109,5.483848,22.00,179,2
1581,0,1,4852.46,2.71,473,51.453107,5.483804,22.00,178,3
1582,0,1,4855.30,2.85,473,51.453105,5.483760,22.00,179,3
1583,0,1,4858.24,2.86,473,51.453103,5.483715,22.00,179,2
1584,0,1,4861.31,3.09,474,51.453101,5.483668,22.00,179,3
1585,0,1,4864.69,3.27,474,51.453099,5.483621,22.00,178,3
1586,0,1,4868.21,3.27,474,51.453097,5.483573,22.00,178,2
1587,0,1,4871.70,3.24,475,51.453095,5.483525,22.00,178,3
1588,0,1,4875.14,3.19,475,51.453094,5.483476,22.00,178,2
1589,0,1,4878.51,3.15,475,51.453092,5.483427,22.00,178,3
1590,0,1,4881.85,3.16,476,51.453091,5.483378,22.00,178,3
1591,0,1,4885.22,3.25,476,51.453090,5.483329,22.00,178,2
1592,0,1,4888.66,3.35,476,51.453090,5.483280,22.00,178,3
1593,0,1,4892.19,3.22,477,51.453089,5.483231,22.00,178,2
1594,0,1,4895.62,3.23,477,51.453090,5.483183,22.00,178,3
1595,0,1,4899.01,3.34,477,51.453090,5.483135,22.00,178,3
1596,0,1,4902.48,3.28,478,51.453091,5.483087,22.00,178,2
1597,0,1,4905.94,3.17,478,51.453092,5.483039,22.00,178,3
1598,0,1,4909.46,3.23,478,51.453092,5.482992,22.00,178,3
1599,0,1,4909.46,3.10,478,51.453093,5.482944,21.00,178,2
1600,0,1,4909.46,3.00,479,51.453093,5.482897,21.00,178,3
1601,0,1,4912.94,3.18,479,51.453093,5.482850,21.00,178,3
1602,0,1,4915.68,3.13,479,51.453092,5.482803,21.00,178,2
1603,0,1,4919.16,3.22,480,51.453092,5.482756,21.00,178,3
1604,0,1,4922.82,3.39,480,51.453091,5.482709,21.00,178,3
1605,0,1,4925.40,3.37,480,51.453090,5.482662,21.00,178,2
1606,0,1,4928.98,3.31,481,51.453090,5.482616,21.00,178,3
1607,0,1,4932.37,3.13,481,51.453090,5.482569,21.00,178,3
1608,0,1,4935.49,2.95,481,51.453090,5.482523,21.00,179,2
1609,0,1,4938.53,2.78,482,51.453090,5.482477,21.00,178,3
1610,0,1,4941.79,2.97,482,51.453090,5.482432,21.00,178,2
1611,0,1,4945.15,3.13,482,51.453091,5.482387,21.00,179,3
1612,0,1,4948.31,2.87,483,51.453091,5.482341,21.00,178,3
1613,0,1,4951.51,2.91,483,51.453092,5.482296,21.00,178,2
1614,0,1,4954.42,2.90,483,51.453093,5.482252,20.00,179,3
1615,0,1,4957.60,2.89,483,51.453093,5.482207,20.00,178,2
1616,0,1,4960.66,2.75,484,51.453094,5.482162,20.00,178,3
1617,0,1,4963.41,3.00,484,51.453095,5.482118,20.00,179,3
1618,0,1,4966.90,3.08,484,51.453097,5.482074,20.00,179,2
1619,0,1,4970.43,3.12,485,51.453098,5.482030,20.00,178,3
1620,0,1,4972.56,3.35,485,51.453099,5.481986,20.00,179,3
1621,0,1,4976.14,3.14,485,51.453101,5.481943,20.00,178,2
1622,0,1,4979.65,3.07,486,51.453102,5.481899,20.00,179,3
1623,0,1,4982.24,3.10,486,51.453104,5.481856,20.00,179,3
1624,0,1,4985.64,2.96,486,51.453105,5.481812,20.00,179,2
1625,0,1,4989.08,3.00,487,51.453107,5.481769,20.00,179,3
1626,0,1,4991.68,2.85,487,51.453109,5.481726,20.00,178,2
1627,0,1,4995.09,3.00,487,51.453111,5.481683,20.00,178,3
1628,0,1,4998.47,2.94,488,51.453113,5.481640,20.00,179,3
1629,0,1,5000.77,2.86,488,51.453114,5.481598,20.00,178,2
1630,0,1,5003.85,2.68,488,51.453116,5.481555,20.00,178,2
1632,-1,1,5003.85,,,,,,,
